Volatility,Corrosiveness,Stability
-5.117288634227026,1.6673287050065262,1.305211904586885
5.923158546273667,-1.0539452126619255,8.215860012581874
6.37961868472084,-0.54091982694596,8.696562558409452
-4.88512982920463,2.692237349636635,2.1039197044940905
3.841756481338477,-0.055421812829976824,9.074408285821987
5.108591166156127,-0.420510691581302,9.389656936099977
9.768713186919053,6.221883352593691,-7.07964237944849
-3.711279970625566,2.573867455065184,2.9271359270905997
6.735833951714772,-0.014895648566766506,10.882089959177458
10.060127832833828,4.232084481014475,-6.390685547305483
9.805786482025873,5.3160696047541,-3.9561182428465025
-6.13100414762289,1.2326015446884615,3.329596686080185
-5.034438922471772,2.3642082428430546,2.5628372898055334
8.62426612829527,6.974785896126553,-4.280903974148261
5.4907871513701965,0.2179096385747662,9.068213664739144
6.200213277406762,-0.27125503919824573,8.257947987933528
-3.285033340225953,3.244878190004971,2.882670925326189
5.592271954173406,-2.2041221108414266,9.14046475193748
5.579456866555554,-0.1233226661630446,8.576735189305401
6.986151546682199,-0.0877264232862674,9.525211032280108
-5.029747947502829,4.33758240214912,1.7943306439454516
4.99528810884775,-1.5927309953791153,8.362777008834405
6.660359262926394,-0.10050570982461393,9.338321785898492
5.356507705278636,0.01522658798100246,7.850374668773865
-3.649652424553354,3.4874928243807286,3.2195132009588656
5.3026269597610245,-0.3202307076589912,9.105037281059104
11.684362856437296,7.883669513892924,-4.096843387310276
8.047706431262514,-0.09210264799437734,8.8624591299232
10.328288363925584,5.927637599178401,-5.96090873974854
6.666304809630031,-0.4986222302665576,7.391601121067779
3.5229329601581387,-0.640189091869455,7.288125151538939
4.649617908201732,-0.8119339250364634,10.92045830557689
4.8572723441938255,0.7842800860351267,6.682313729703615
4.728736135467302,-0.14254279935776953,9.369977709755268
4.324441467796152,-1.1035241881246538,9.612689956079985
4.819652440983599,-1.4230498328186203,9.95554077340144
12.26168071715756,7.364084516789755,-5.38837359911806
-3.037557522986793,5.796464348354707,3.8609437846452757
11.204860239196018,6.55625675425563,-3.782816133547367
4.02534736058031,-0.5665154092608774,8.85590751021286
10.58790015915602,7.806084130167886,-6.318119687177273
6.272300446346263,1.1719854792055813,8.713310945219984
6.022992677586918,0.6839767705419031,9.652670742768459
8.79275216125112,7.40412881457055,-6.001401242445347
4.671525188490559,0.9020334165284363,8.561242530127746
-3.978885633071556,2.6146102034126044,2.878443420940393
10.784438124800662,4.9818893783335,-5.240971718248314
5.0576921304722084,-1.2361078161860846,9.594236925844736
9.160237757920635,6.528612362602212,-6.849438003974966
-2.9665291571274075,1.6282377357769147,1.14043825838236
4.395441803728824,0.11395867255192249,9.666678049401126
-4.946459560724885,2.0296068807445242,1.522285409692555
3.784513648464573,-1.2001930045956715,8.426129820876502
5.253002263433947,-0.9144180894870537,8.82344713346218
4.5307056313803376,-2.4919581986627,6.93232786984451
-4.573319231700689,2.2582669926876764,2.9578393900555833
-4.299344254322663,2.2115079094977044,2.2562270072189072
11.011703289914799,6.28734109109145,-5.400918479833984
5.097257346611187,-0.5588471721097348,8.200170709124077
9.61596508548672,7.054002207771426,-6.210607365209137
5.900861206108049,-1.0197802875457103,8.29787288320415
5.45545688025954,-1.1803692853215755,10.622257982021285
-5.341043821443876,2.4782236641486977,1.717610927910568
10.679116121815685,5.137768985218578,-6.1289820086005165
-6.426957502126726,3.096670146401557,1.217128002843666
9.449704449034849,7.9984961365544045,-4.661487389528716
6.027243221361302,2.0675561809928706,7.179367734719197
9.67168868263879,4.5433413671318,-7.106223827330948
8.670758544988763,6.27746037954909,-4.935223198057148
-4.650373783527091,1.147838279779556,2.3656257570519226
8.956990761379066,4.979203924226725,-5.513592081633608
-4.028916811369745,1.3677203298418463,2.987492258462498
6.545677868548909,0.5513636469527976,8.82229626202506
9.57885745277171,8.134028095861165,-5.0724956279741535
5.580466054767352,-1.156706855339547,9.924187190285584
-4.090980140605165,2.1116817190411297,1.6706250204276358
-5.300867166593438,2.4181022630805424,2.6720042739458028
-4.937798638508208,4.793035146499753,2.5315493749093645
6.092510300103263,-2.7515182309898347,9.657735535122024
8.059591059037256,6.8743531009629795,-4.460546017730676
-4.002957354069286,2.5684327704432666,2.766843485322398
-3.5862248323086643,1.3334100609554635,2.736157285944606
5.590099237264973,1.1164867703956594,8.906410243943366
-4.829913590043525,2.065768605513018,1.476793758768434
10.224196424028213,6.143342740644439,-5.8982245375628075
10.328109784932069,6.882450859209609,-7.478719926956389
6.519953004944098,0.9670355971337079,9.325436170988903
4.75776777186034,-1.3331098723048018,8.553978610771793
-5.875556400583209,3.275917488918198,1.9829755326294716
-3.376301120152128,1.496658614582384,1.6333680041167167
5.064234022268949,0.6383708908959522,10.956779738984547
-3.9623135715924525,1.2359018101714598,1.0738787161794996
6.834502639416645,1.6422631929128322,9.059093803892425
10.054677274658097,6.39663086820063,-6.505417973962256
-4.470435031299539,1.3311771796541536,3.024314135275829
9.857816778071614,6.027144077945677,-7.081925232099093
10.04624883909755,5.893839662096487,-6.889237862571381
8.695093338951876,6.934664423998184,-7.296715203502107
-6.75929781002311,2.983248071077241,3.1604570019002725
5.792267993617272,-1.4166523542838374,9.467522643505097
6.2508913623248965,0.5443353025209439,9.288415084879245
6.968228976205522,-0.8366467861630245,8.328210660633387
-4.419712551778099,2.8280782055990605,1.3985842644326663
-4.567794058856052,3.1552819968427928,1.1580273883524976
4.159552872333893,-0.08939021194185093,10.310811897152947
5.761776937609913,0.6873525309151873,9.275635013053074
-4.317570987519938,1.5264305456570249,1.4986283167931207
-4.397306919912538,2.5800832577655632,2.9327252537113404
9.969847458068266,5.836740805902938,-5.698360414247069
-3.85419825343246,2.248662284117345,2.9784462985968574
10.535881515654188,6.937885539820665,-5.452043848384118
9.96674819593843,5.337598568420273,-8.451179727188316
9.828155424115318,5.695897022363198,-5.696715098371098
11.598990543171212,7.313857994827928,-6.17322009170135
7.056225362878908,-0.3449128869446934,8.606484518109022
-5.323119040548483,2.0530330491245676,1.6652113505410822
10.646203559224302,6.050699780789017,-6.466348093433579
4.48630827575899,-0.7092628630701479,9.766212602591287
9.137769374665638,6.388505912710635,-6.633186481816305
-5.15353887535188,3.1915238862588575,2.34963926430709
6.437706689990038,0.44881433127433,10.547469562506429
-3.2897715723211336,4.57916780770383,3.1036886620213737
9.719590090901558,6.548760702312738,-5.520060993549342
5.623687607106191,0.24077703206356937,9.391332058839714
9.661590432759573,8.214645167676357,-6.737817841860162
5.1599849287723805,-1.78486981718064,10.805688544033025
-4.618619580374244,3.2482122145010988,3.1664209488325445
4.095287560938915,-1.2990741954311562,9.22243681374116
4.919319598711883,0.08970930790566056,10.243299319810864
10.953937007658336,6.431401545308907,-5.816684311525261
9.61408040033655,5.931065008118541,-5.251856990982816
5.362487457253637,-1.8226298744697138,7.845813926842415
6.239753267284317,-1.5563477981905092,9.170105280562288
4.994001331050815,0.5379803211596099,10.679354461587993
5.135255245986556,1.8930703342272888,9.733213890365054
9.506748902189258,6.5780832758713474,-6.331362914746657
11.944046432581581,8.084806962640016,-6.70406249907495
-2.919053514690185,1.973450581168693,2.4240013585594675
-5.928425309713287,1.9196304434619376,3.221379880756761
5.016923173916737,-0.5435802296494237,8.83539795844681
9.477584309975509,8.411400146314177,-5.158958806960715
10.469243981365297,6.3065407167597245,-7.244674462229769
5.254675045448337,-1.4210820484522841,10.214845855219462
5.329198638698868,-0.6531840938350513,8.537571729758724
-5.135839744369359,2.9375091016793142,3.2992207218702116
6.0632391954598575,-1.728787628573727,9.67433243142304
10.374618471739705,5.288111004363022,-6.7515203966507045
-3.9599415877867568,2.4994596036739507,1.4860844117506464
4.214019304816328,1.9169717069614136,7.705152254747212
6.046135368885016,0.8510044998555746,7.457267830981332
11.551886774860643,5.669039891123157,-6.551561331670133
-4.715471899630275,2.8704278721828023,2.371852634300336
3.9218621853060056,-1.5738868191399764,7.857133852444242
4.52291430496436,1.4471193887879803,8.41506444354836
6.006860973571528,-1.7382869165424268,10.369058996413594
6.29026886849749,-1.657775167461788,7.0439844399261045
4.968260563229046,-0.13487125812849948,8.85976639757889
9.369336001319422,6.107051111730166,-7.6933256191064645
4.068044562532566,0.5977003748503582,9.327380325770495
9.85466680863861,6.6262668431818765,-5.124274910952831
10.253704454553601,6.042931144359876,-6.593030885970996
-6.436884026748621,3.009139572760927,2.093490311568462
-4.58286792297416,1.0350955775878548,3.6167365798876476
9.329532903957945,6.636138447459245,-5.56275444685944
5.896042176784066,-0.13524018642719926,8.00915713918315
-3.3511085488172876,2.3035050522051668,2.5503671447762684
6.910582417521716,1.228624233360741,10.042676627175931
-4.6454849158795986,3.1729197981557853,3.03883141814747
-5.369243858198388,3.272533589130136,4.665705742424258
-5.3104543077828605,3.775544178211083,3.0313628424799384
-3.38926023916613,1.671907788599407,2.664033413623181
8.200059223166274,-0.010103523343295617,10.50299750561301
5.885033787635564,-0.9656048183353084,9.29821087727415
8.406488696126406,5.986405010370847,-5.249442105347359
6.0647702863372785,1.0013912772569094,10.275413385120796
6.763195784989847,-1.7869014176231195,9.365277542169792
-5.676483719823902,2.504802305965702,2.65933789006935
-2.6655699357106113,2.9042215698636134,3.25293142357564
-5.286358107196651,2.8181581159675253,2.237206621957526
-5.602748583407273,2.9245507092226735,3.0147677059044278
9.2315337364248,8.220669176191128,-6.952766413093014
11.08131311225591,6.828313821065654,-8.135838227574379
11.680355017171667,4.691864719330671,-6.177124882215953
-3.4866457320953694,1.891350885421446,1.8939118569035518
-3.3229741696431034,4.389866644223871,3.073304177908282
6.3336973307596365,0.07931962685631411,7.42037694253458
4.401900088401105,-0.7704192592288786,8.875910241034436
3.8650104490162076,-0.24296110117687608,9.876753751657692
9.288614344587394,5.322399070184927,-4.534534419352335
-5.008663868213109,3.3102809175523054,1.3182058737338622
9.86179891147702,6.065148207405955,-4.617796200551014
11.966927717785829,6.963477425635661,-7.07140366440075
10.87121930073248,6.697878463078275,-5.019963821834187
9.527485272898438,5.7643194109084614,-5.0270624234092915
5.427411071845505,-0.2152189561999789,10.34851846477333
5.362725238173742,-1.150683761658411,8.53386426385591
11.448456115731972,5.643898774768892,-5.6254338670495345
-4.086464515325609,2.864225942486076,0.4341267221319671
-4.48854087546542,1.5367470827992125,1.8466265185513284
-2.6434167090005842,4.059588955448962,4.5004707949119
9.83414973903929,5.63209972114328,-7.595019879844534
11.179724671463884,5.946625753017082,-6.201172333310645
8.226510170240322,5.705336724718971,-6.608130234338073
10.520384169932273,5.9165873932709765,-6.535225084676497
11.125013488745962,4.457885646934125,-6.016078114629071
9.707658971326317,4.31595107227089,-6.889153069998269
-5.272304809256219,3.4622095730467373,4.4687658565270585
5.0578942627757755,-1.313799735738432,8.345311933087046
10.673952650036995,7.738085966310969,-4.166987818956857
10.637690907811708,5.394009128044706,-5.7813345808859875
-4.3218656926636445,3.281746575118919,2.139656735069458
6.483379487003422,-0.6977799223260924,9.817599874134116
10.369545181319797,6.739310679551328,-3.9319795927453036
4.777634538010577,-0.45478075149784924,9.70075466052914
-4.879631263534402,3.609947386818057,2.40748579310373
-4.433057837478991,1.7183250243233221,3.151662341921514
12.220166437802934,7.106271164725596,-5.558009751459146
-3.7703433751697584,3.106437294032852,0.5125710063286251
9.283633388823006,5.1810313921371876,-4.963242579997648
-3.909009849506943,3.28173587384495,3.3420232541363495
-4.264733919374589,4.069869455193857,2.3987588174373493
8.504583416787648,7.582029713525985,-5.223724376089596
-5.260250364814795,4.463034803875906,-1.205488923931168
-4.456308454105051,3.774844662725858,1.8622668071798396
7.9614172669719885,5.678001153963143,-8.453739461043632
-4.059136652782604,1.6465034993102956,3.0914278352540867
6.491838098657142,0.26497652605526656,9.696880020718023
10.313050189065198,5.5000219790717,-6.249375344542653
-4.612363196266441,3.537255980689978,1.0410801393994222
-4.200245094670426,3.4228940778154406,0.922010010779486
9.291358223448004,6.835689346517837,-5.460880906716929
-4.845010659336527,3.8564688987650717,1.188993168024849
5.746699977821065,-0.22258615364586135,9.25406305866269
-4.486142650667467,2.4444513543733986,3.7652287687696036
5.870606709905521,-0.6641785449684818,8.640085537041355
9.458618310983029,7.19269006768373,-5.683397064748476
7.011344636640958,0.08149099306413266,9.058232090697212
-5.280917359920088,4.064370731233188,4.680276890744258
12.442132796290075,5.8816812918687535,-7.008263902275176
-6.03175316995045,1.8897371893912476,1.3723460725743881
-3.1140146080913613,2.9540224056832356,2.7947087320666855
8.445950518549306,4.966746234023281,-6.5400657761866965
-5.904216230064041,2.2717508632704093,2.131224065493499
10.757328077421112,6.133833628117306,-5.487734821525652
-3.3774465599776127,1.6912289054552003,1.6855932234702
-5.257758985719037,1.3528463363778283,1.6073831984608238
5.106190995454789,-1.1755334538514313,10.663513799039684
-5.072971478553152,1.6531845650924906,3.26651766251832
-3.7623192671971215,3.2875785753348796,1.4404055271387854
6.090094796238039,0.19313583197397333,7.6808115423073255
6.536349925761482,-1.8222012955461862,9.681205590897797
-5.1569737380006195,4.151455969555812,0.48759382089346204
-4.242045957653887,2.843633707577143,0.8851465349167775
9.679212691605686,7.572666833450871,-8.607323875951732
3.6666143205863646,-2.0608612593659226,8.714800160595374
5.837397844547249,-1.4287066253313272,9.773640616598126
-4.257298289840125,3.058650049626644,2.741195118674788
-4.204167161541179,1.982925703556445,1.855559628885847
-3.3868932465027983,3.625536699555819,3.7462424761331716
8.628443147714277,8.288114975483456,-4.276800770238531
-2.660703178856255,3.2312273586504308,2.1533281297705975
6.304172485331659,0.66492330004099,11.114786821790315
4.805267570192413,-0.944875137646193,9.663419486597732
9.915341544354266,7.463352628726108,-5.001726208153908
-3.6023010597942773,2.3807011131203675,0.4096062988607403
7.141723073461142,-0.16878547963574475,8.902432278853608
7.993448266918329,5.812057386740582,-5.835960470165856
-3.2120388090305445,2.4788365101995145,3.6201453117457514
-4.303249502458936,4.779991592209388,3.1702696153026464
5.608285125506531,-1.4852452126941735,9.397943715162562
-3.843389896720194,2.107829656298584,2.2969318715866933
6.549850979878343,0.2835108566340375,9.160306667342155
5.098736523596195,-1.8539231541957881,8.633042439373675
-4.435940494513478,2.2001995220347927,2.261608220401422
-4.693996284394716,2.4947693900138845,2.23111815850011
-5.170634058401305,2.4992170921027714,2.0429559841707925
9.021458302677031,6.688752271489728,-6.67977952604074
7.065682434454807,-0.6848812539501605,8.051033383627116
10.046743718956217,7.056535049392494,-7.116398132832602
7.677159836237765,6.03357604319601,-7.619290167834683
3.8236773049549946,-0.6791447650380729,7.618912708980912
9.648324572387054,7.510144697648228,-5.909347133239053
-5.514819027403549,2.4883508761838304,1.6702860575099177
9.957888727027232,7.10539322253196,-4.7643535305928575
9.282255689261595,7.730989640526727,-8.027346084399923
5.816685518801629,-0.25690743593587195,10.177688070899304
-4.670888665095533,2.2433212354926795,4.90370417097216
9.682525058024401,7.033708172746805,-6.148965233621777
-3.9904095305564744,1.3237202664951833,2.9275923056230337
4.92787888172494,0.3538802975296379,9.510145780515225
10.00524219870916,6.6543880373060205,-5.332203292287897
8.708370271187771,7.7248821746989424,-4.882776968061174
6.169488922777889,-0.7512310862650342,9.672750970035723
-5.2640682410595545,3.3707186774579188,2.6950913193092156
7.3267064932319474,6.988607904036975,-6.179487801302657
-4.7502961404155,2.026549377663405,0.4472409858356281
4.199043120083981,2.0363618187051777,8.086880959409788
9.873361940732867,7.190870190257737,-5.598796364932183
-4.951169342735135,3.804232019196593,0.07450393077322515
-2.6838588493217017,2.560419215010262,2.979591053813869
9.81998308978904,6.504925662670233,-4.781181374549687
6.065582077660867,-0.6584708129582295,9.318616248420721
9.691245814382416,6.328659524710809,-6.180155966331995
10.416743533488576,6.661017339800437,-3.588791546133852
4.665112103378879,0.047602870790726726,12.006119079551873
4.129104149001303,0.03361334152506601,9.700582258319157
9.120885632381043,6.975614312075756,-6.2270512882858995
-4.492039070065546,1.924308306303633,0.8964558128495004
9.933896376259575,6.409047238573153,-4.227461320270847
-5.77436316553702,2.0056103527871025,0.7252378477737487
-2.8160490621414938,3.5156046991501637,0.8858148006875439
11.033187948154328,6.69980846971651,-5.792759801473987
10.067044194894992,5.7397643203847295,-6.123486007089842
-3.1911914064389952,2.3589715127462454,1.770161459186478
8.528169152966024,7.538336052357553,-4.5687278082820715
6.082266019150707,-1.798468267254812,9.467675211551354
-4.045453822210891,1.8801342310717293,2.084318970807848
3.7867099227232535,-0.27012420801656656,9.073635847540562
4.76158249175157,0.364729991757909,8.46043464270087
-4.842322026389119,4.623525121128877,3.780209862426669
-6.533687187170415,2.534532285096919,1.6387302284610024
9.503998146882598,4.777264052557926,-5.133226925669088
11.64482376847052,6.439014555712493,-6.269384521257155
-4.290962359299443,4.560949217335402,1.6842427150596961
6.966292367188585,-0.012646023961059905,9.102722895045783
4.069949040136069,-0.4417817806475128,8.823476173668181
6.788328175444505,1.083118367675467,8.94575193114146
8.499001215787894,6.683269281769823,-6.2038832017261845
9.972144450034481,5.687630572966203,-4.146443063286471
10.493149621784896,6.582936873886454,-4.510433438727041
6.876224175628235,-0.8718682513932184,9.590167219485359
-5.989974980586755,2.4291404248354884,2.687914886421143
10.230593392268197,8.862483024813226,-5.563093890610862
-5.9666000924526506,3.470478402709218,1.8038635509744023
8.513249112603408,6.622068403932457,-6.154192422219465
10.79081852068605,5.56525554577212,-4.827219782237359
10.655812408899898,7.58062909384648,-5.792530320065315
-3.5009888269955285,2.3496977866757276,3.3051696941705986
4.601501379521846,-0.6316276249260041,8.962864633074636
-3.5358560732113977,3.72950731741544,3.106569675692083
-5.143669367407063,2.879229865923026,1.8364439456425408
10.589409043488764,6.136245110438851,-6.764282708928584
5.69357618189688,0.6435446571771857,8.431709768423815
4.89753434046248,-1.0242748733429736,8.03971823921168
5.053431967533323,-1.8316946190747831,8.565632594118405
5.229246547022754,1.0754661193057544,9.035886732348382
11.52112459742876,5.965609549283557,-6.948988575725005
8.853969186338864,7.6565282145491675,-6.648732990173985
8.929988904446287,6.477796584897379,-6.394553489546164
-6.516845685403954,2.7439091150701036,3.0764963149640003
9.043615292110523,4.844251347545081,-5.050246830906424
-3.6728835403564597,2.919603018756675,1.4345731110169488
9.491057885027638,5.882716499695933,-5.689103381731628
5.494909136496907,0.011530659220117812,8.40430045069826
8.862518158796583,5.434158443496624,-6.475246539080801
8.870467028858862,6.889763962197247,-7.686446529182158
4.622606690180567,-1.070314963774777,6.855767241087672
-4.5842319875812985,3.8304007408380305,1.6404388342286504
8.544623724881959,5.765766886720386,-6.4945622185597305
6.738263629795824,-0.44812477730904027,10.539765135947237
-5.891444009387335,1.9043669810108943,2.7482133136132507
10.171456562111304,9.501815834454511,-7.129054621902934
-4.948639599207853,2.5048931297719097,4.473652380840391
-3.2700855714294894,2.9679461989858114,0.8279249959622093
9.552165154991949,6.037558705566772,-6.773871418847849
5.508622510008666,-0.009841232747077155,10.2672257751639
5.031947714929737,0.5933752096551799,8.027154090643311
6.5005718958212375,-1.1232112630382365,8.261437868198874
10.026956765380001,6.479682095799002,-4.866221736725368
9.328517410279359,6.005167653342562,-4.785585790044376
4.256056076225995,1.3429461235022744,8.583773994786572
6.304022299229744,0.23681118924294986,9.297109588997003
8.682351943087692,7.025302546300685,-6.486650727466176
10.947865128859545,7.330672535341983,-5.2649659517378025
5.789642791380652,-1.3861785307449037,9.735727567328228
-6.005827386934762,3.8209223014394995,2.496921589402647
-3.8846407825976823,3.2053968243188984,3.0741465348303265
3.9148197540302756,-0.8673295490498822,8.397534608128804
11.777578252201208,5.820713446740459,-6.15360444701922
5.411789345818217,0.23142882008948795,9.273030066351357
4.567388186190812,0.5880341582841309,7.763484221136167
-3.5246221552945243,1.880133709711338,2.754333051006178
10.003136595974459,7.26782478243717,-6.548830357048948
-3.614199120916929,3.6582571543248603,3.265028210037288
-4.126265254441659,2.6790117543666017,3.9830725596210113
5.925585264158104,-0.11725945874605281,9.26148674078338
5.842715080717647,-0.5775391767453193,7.691862030716151
9.138960138247453,7.472781001154499,-6.266577041007783
4.1683667668070665,-0.18750554485106335,7.36966294271728
6.440659017826844,-0.15701294090781903,9.265342642139709
-4.147510993569874,3.893426028474678,2.714581642511199
-5.576476737564992,1.654701998496842,1.7045030075660779
9.594410068789403,6.496386057281364,-5.6035512001426095
-4.631868214791852,2.9817342766119816,3.2496965663793893
-4.186785044766949,1.8023980167968832,4.216019141535811
5.098356072453219,-0.26444481352199534,9.062467309630996
9.995349348210338,8.158481886190367,-5.02953733304709
-3.047515683748961,2.4156187175534707,4.245411462785712
6.349250825017872,-0.4931169139517484,8.644350021730434
-6.0631744234879354,3.3889359380430726,1.9726917957795806
-3.8608675877403265,3.6504656189131843,2.769156460323441
6.232942608574012,-0.58486382601949,8.536537316063784
-5.108901118276993,2.7346288777956262,1.58019506195839
5.37870255454079,0.15864320128006548,10.626760175929709
4.733718008924552,0.41436669048084007,8.335430251867834
-4.7686374621853815,3.210147969301897,1.6606899203782985
-5.546484390075135,2.4821794595240627,2.5735643316212693
-5.751042731663128,2.1693074687868266,3.303612249663676
11.409554398560383,6.4579947870974665,-5.406298775158037
9.08839993122471,6.919294162732983,-6.032624522972487
-4.887118482923648,2.63122687219422,3.293117129205997
-4.5999272987370965,1.3155728426422864,2.106144016624114
4.529812809961514,-1.5596912622364196,7.930876736237298
5.533934733422015,-0.29844184370412696,8.05077967696126
10.623412324750527,6.448369069945329,-5.781897374854151
5.4447397125259815,0.3239024734530691,9.57333838333308
9.019054341360253,6.812766908184204,-5.2440401777522565
-3.8058327201909377,2.7773369366058684,3.6711228153152957
5.029106870023764,-0.8290985822259854,9.460932416662112
-5.221880551478595,1.179746425032494,0.5140568884942536
-4.574435001003994,2.432586777124814,3.8729403558319904
3.631959426218401,-2.015906927488558,9.163205742085385
4.185133393362144,0.1019332378799288,9.362666594604466
10.528349632036075,5.750393036877068,-5.216208616542441
4.666253381992924,-0.5973900978579081,9.216728000821702
-4.205543788154464,2.4177032560127985,2.741097230451692
9.442626734256121,6.884393800586521,-5.290609275584698
9.911455293161033,5.306414480937498,-6.432361841100644
10.1107707987301,5.837469628367531,-6.492406732643518
-5.735842301829906,1.2404010006188477,0.8686261836948537
-4.464734884570646,3.1374310766994693,4.729340854167444
8.430086760183917,8.35492501121654,-5.400128523463165
10.937215892089728,6.179330556510112,-7.28679890099728
7.135055879554666,-1.2837198032227737,9.982558479790743
-6.82162420695698,4.700627800257436,1.009473517404059
3.4828497806244143,-1.2795858625292376,9.834702365476296
3.8911982584593794,-0.3830402267795688,8.741429987294804
5.955514395032927,-1.4937747538758308,9.192540022620868
-3.781679079986394,4.984419648498466,2.856422196398178
6.171176941536466,-0.6354896040939815,10.15342120447185
10.374803014962097,4.883420669955241,-6.375080036936269
10.711702974753967,6.36915598963375,-5.888246421132342
9.041344186387349,7.735180838434299,-5.107768866160401
5.269099069993425,-1.4943068587036417,8.557499536394223
9.493075806788195,6.962311068072905,-4.691182086868191
-4.981126459921358,3.634836443462363,2.7351667446641192
9.191534188416897,6.818956615613876,-5.87881893730305
-4.331849817886424,2.9525718833354846,3.53196648070045
-4.192061558349693,3.8974903545049733,1.508894816312632
10.776902703830334,7.10320958259649,-5.349679079756756
-3.4478341181058294,1.3809771502729946,1.5699964921823313
-3.173388266064337,3.246537603724517,1.840055850270402
-3.296377422868252,2.7354120932811212,3.7763903309453397
5.004593705937653,-0.6970624066101816,9.362579735270334
7.036619390566514,-1.1769934176384012,8.621707403924626
3.1838428343317267,0.3260559613134637,7.897113304986522
3.9682261159959094,-0.959782785104098,10.066362983198415
-4.595847629424047,1.6359129026460453,2.4128886330548553
-5.254363406730138,2.803696134546541,3.228196986059059
11.643818308457767,6.312128948257448,-4.852677690601784
5.541065978679864,0.0672982141646995,10.377157098036333
10.367853189233783,5.655263068287152,-6.823711600467075
-4.1087879397778115,3.5694298886118956,1.4375992043591148
11.811436605830789,8.036181240972368,-6.340514516044721
6.156945660142086,0.9414976024005781,10.17520840178953
3.4761486972836955,0.5644258093237744,7.18277379535944
10.172144412780039,7.7173421014313215,-4.4512209522743715
4.526498341017688,-0.22181757361320162,8.161445514225273
5.011575066819291,-0.19671702991383647,9.486263656537634
8.21796859616109,6.627735672461809,-5.749924458583194
10.262233476666957,5.8079020798383825,-6.041393404973271
-4.881478836074138,2.4087932467039157,3.331206121951507
-5.199541085838507,2.775457091641378,1.718477453167894
10.895666948503854,6.635753173633052,-6.0517094235635716
9.705656752846224,6.086591894361888,-5.882309676637831
-4.526317564874089,2.5258867815214865,2.628609797555251
-4.292830514919307,1.9393489773124586,2.442361811677093
9.175974284518349,5.422349674127465,-6.316058587373648
6.154057187066761,1.1735138979550928,8.862366522961707
5.05618027295037,1.1556414699177435,7.2083933668900855
10.107167467744954,6.163154477982507,-5.4310378199050655
6.35504247316395,-0.8504467879452237,8.172933592140208
6.864929844004141,-0.9973256306085991,9.652870265133306
10.565416188752751,7.475754278443163,-4.247535820689706
-3.356475381451619,1.6707974201191462,2.1524609351125252
-4.607201582863739,2.9358232136706306,1.8023756741748662
9.48311806191797,6.726174049192275,-4.459006252542513
-4.843601596889012,2.3426171541825127,1.6772248937785716
5.326340887657273,-0.5405079614657547,8.59533968127842
5.7337363918378,0.22558938583092825,7.729374193046332
4.245717041262496,-2.3703145393945597,9.4860719869676
10.98236056692038,6.836080472308746,-6.983943611189114
6.546896206633163,-1.5044536482532602,9.824544524636295
9.947333267002776,6.821999967255724,-5.725356321985717
11.13468961219879,5.41297486919357,-6.253772601721624
10.081027683016321,7.169324616802754,-6.030371406564205
-3.8302971945663975,4.894402217687116,1.9592972929823094
-3.479352359428621,3.341221458626714,2.164986183748089
-3.3445199031759345,3.240574727458186,1.4524230098799353
4.7625973209697845,-0.29673220123207966,8.401756567851491
4.009335277056084,-0.43180624477474805,8.145444275614842
9.282154651611629,5.329058563132168,-6.055893439970897
-4.426588075740059,1.6996433427060358,2.2762488374134313
9.756463541948664,5.652012257882064,-5.36808128612288
-2.8516135058348393,1.8258633402813904,2.987161090228753
4.918491726074032,-2.092131022455738,9.476078992577634
5.313675445401651,-0.755162361787551,9.920837136448576
-3.312543249870404,3.150201510874981,1.96075903680245
4.617202962570314,0.617232351109942,8.527663732092627
3.2884361890183924,0.0612464257418483,9.16045153636583
8.997537479681318,5.424821513861595,-6.676016335953188
5.861903212911049,-0.18321069146046487,10.732776308439849
10.486127019709082,6.449565268169824,-6.407826225720734
-3.9066258731432324,3.7069265644219622,1.2951612513974842
-5.582681984395311,1.3366514162965188,2.5976365410511133
-4.360493898126858,2.9674258667775133,2.058556980202339
3.700364098824992,0.46254184514039964,10.053979553133031
11.265851303299089,7.35345894963364,-7.184870229023435
-6.29299851883707,2.7509592860708927,3.9073887525967925
-5.09904421663926,3.803148267975538,2.0797989554194762
-3.52379183208966,2.9650095209691325,0.6674541665151901
7.96232161925434,6.067209014627402,-7.201902304493347
-4.62888764698007,2.3671414309909307,2.312923710048364
6.967708647734032,0.6531042486582459,7.312396355389117
4.867644170323754,0.5263708411298208,9.334589145272329
11.907250910178382,6.236735849803252,-6.255740149822488
-5.836388940810641,3.4532293364260624,2.2251931663147095
9.255588272658857,7.161183535431621,-7.9232551248475875
9.985329558412456,7.472759301022247,-4.4776483122705315
-5.162050511354723,2.2234453067383537,1.7464877457953063
-5.489465375687654,3.832053453918164,2.5691972451524334
-5.655411997617648,2.718184032622443,2.747876910445296
5.500877275904346,-0.09104311028642392,9.695469225369221
10.450456678474307,6.13651674642723,-6.805106401005219
-5.877240858657863,2.8126342892621863,3.1223907740685233
-4.856142112872078,2.606415255234295,2.956725724578976
6.321428435804773,-1.552949119161544,7.995131649110743
3.4656682830178664,-1.434282152490323,9.94254829908407
5.644595186128775,0.3026764419847816,10.236361929276066
-6.4459949104665455,4.012295765822072,0.670827380756444
-5.101697767488272,3.2565155532290446,2.1675422142956737
8.7944924526488,6.022331862477931,-6.537202788927146
5.3884810854480225,0.2783558741574621,8.288502580726123
6.508452430671527,-1.9357468995329599,9.857162680479249
-2.4027028056760575,2.1740703118210822,2.8176769386222285
-4.611638888932696,2.879753496081034,2.6419608697854833
10.127270117671497,6.722463048839802,-5.549403997648145
4.671614553393274,0.5374328947311586,7.702128756721312
3.893378950644083,-0.5696663109422806,10.011985832622836
3.49507528231295,1.805320872252179,9.079121435315676
5.46249097777308,-1.136014985525471,9.288226418995498
8.923843326004196,5.688205083171839,-6.707212567035892
5.326529611893299,1.029091205196743,7.3361035013422295
10.12932659694608,5.9286346889506785,-6.2660254190043005
-3.9253510869980968,2.689550944195609,1.2192948603402511
-4.301739204319445,2.8404467020213313,0.9483031249101967
-6.108852013485794,3.431618167415852,1.9773463931314526
5.794967884264817,1.1612718169317664,8.972964460667068
-3.2487632085370697,1.6179876458411848,0.5398110103959888
-5.754085553242669,1.5171026231848572,3.3995557039859383
4.858558870386854,-0.3169498431931688,10.484502085209073
6.312161493361823,-1.1854924607758335,8.506585937083731
-5.125495851106402,2.8499241735577145,1.5598256832147852
9.588286360385316,7.015824045378798,-6.78952220229488
5.734166113460245,-0.5970430829015947,8.544868669576749
3.9846904571373805,0.09727486098063398,9.53392294835423
10.375518661557518,7.218330804418165,-5.38846090728779
4.888119265081082,-1.8333093639164302,8.643280931987434
-3.5470954933697905,2.130645399660872,4.988766039363243
9.101427051639204,7.466063371442976,-6.740101400680995
-4.091880990531886,1.4529109177024842,4.138790509857302
7.171280759609283,-0.6138168854114813,9.035104652570539
4.939044216842999,0.8372728988261928,9.28192504156679
8.271881554715707,5.214155871092071,-5.874294917497642
9.75830720701963,6.217281975560938,-5.7329828938216885
9.139491142186804,6.68105431696644,-3.896622910186924
6.200010856600786,0.6942326761759423,8.911518265515525
8.305951867986765,4.703883635089049,-5.1730251436342485
-3.6096871519593963,3.5424619024130677,2.444411695246732
9.183466648307833,5.994501997515935,-5.555262881704827
-3.827088759497251,3.623787770342209,2.83557131991346
9.330536060135476,5.065264402079688,-5.758913179452634
7.458650654760358,6.538119446080158,-6.455680152527183
9.589854971396338,8.018579403266262,-4.861833130436909
11.832064459090562,7.235371566377694,-8.875569148246147
4.812417918648656,-0.547531418950948,9.142842179451147
-5.93188304497816,3.1730827018671484,3.5258094620934544
-4.311220945229972,3.15666291353781,2.0743924723251688
9.934422510862658,7.16110866849508,-6.434007432097281
-3.296071733957274,2.80936837087869,3.5943414677496888
10.621475592777745,5.494617171144688,-5.954684777332959
10.875763232620484,7.611054859810665,-9.240164070750163
9.324147489424146,6.669115782662374,-4.500309934469954
-3.9064181574297487,3.162655088824313,4.238726828940288
6.736552256992595,1.066350097392916,9.3915715852228
6.575836327079687,0.27176243575630266,8.195648182731558
-3.9410628454333274,2.1527593531225535,3.5201380055504297
-3.266739221489554,4.344642446986356,3.9806805372262053
-4.643992718568743,4.273804507377479,2.58151866472581
10.296366832617714,6.732877271499544,-7.497647510895597
7.0699977515587955,7.629579801525463,-5.904003178690997
9.09189449253467,6.427389186988828,-7.468721012326799
-3.5200417568473794,2.867969493182396,2.8602164844952016
10.162785194682892,6.697910500253669,-7.081700358559924
-3.5042974907581583,4.310266672071961,2.5628707774660913
4.858090872175202,0.5192948923942692,9.311189509233087
10.711291947973866,7.169933568698715,-4.528478026144835
9.871542664863961,7.099283652830987,-6.5793265367883675
4.117609986699831,0.24943901316038708,10.353623635696092
7.732937748865067,-1.2949621898318542,10.361067926584063
-6.103687257503626,2.9465917859379718,2.0436481800800728
5.453259299022937,-1.202770508170264,9.702133162204252
5.877975119476901,0.013375693661873245,9.315946409963617
-3.1002110270746486,1.8143806647583385,3.983614291588931
11.234531473650488,7.051248036685072,-5.814943891553914
9.1432159033671,6.534016031770258,-4.876995205738431
8.575904316019553,5.228453941769248,-4.95898871296011
8.470610680188399,5.576042408334347,-6.042511582636592
8.54791495130687,6.2090101967587055,-5.933823058155051
-3.874096250973359,2.5109114247728996,3.2715561968065345
7.046606520083838,-1.007391807209356,10.093982738996036
-4.5953657895444024,3.5427087683346334,2.7794427084032063
-3.5019445385470527,3.109479591115842,0.33704438040644913
4.8205004156105,-1.7275869078480783,9.747005385478909
-4.20395271667348,4.526252509171675,2.6828741319019302
-4.950700277839578,1.37564525614194,2.2774853550318843
5.800145698791672,0.8021263750326941,10.045205779581616
6.79506560325916,0.9018171624983309,8.48429354884797
9.81183364839057,7.2001762736071395,-6.708110547947551
10.332659781608669,4.50286320962274,-6.873361386550015
-5.277526245699441,2.8045547828863753,2.2191427591091184
-5.07295251151903,3.1364575231019782,4.62177307311525
10.611192127124253,6.120173784563705,-4.848207569477635
-3.847259558743512,2.8256402887274974,3.532854817091483
-5.499979607533036,1.2904400158273557,1.185862960959995
5.476288462857122,0.7715811882208181,9.287547017750956
-3.8746497161358193,0.6031196200038633,2.081316372376587
6.639014571308271,-0.7513447300204421,10.48372331519179
4.110188478771115,-0.7577639399610306,9.09518204169326
-4.270442786476336,3.054792866564036,3.1736080304491785
5.579974054869851,-0.3415531388305034,11.848126171661704
-4.314377437140825,5.099335338342164,1.2367446715111257
9.5277634898255,7.005435178865758,-3.9463880481549207
10.244068068764697,6.9027687944468505,-5.346033128889895
6.486547323131003,-0.9841154581075182,9.292093528491103
6.300196738078564,-0.3657105954203941,7.795741653387541
7.512357959059836,6.56548035063335,-5.665239261786994
9.043211487118672,6.649373679057587,-6.85164768371549
10.027233376299215,7.719469166750852,-5.65468565806964
-4.781139085483936,3.621730400839299,2.807285846907662
5.394620227446444,-0.02147117074542093,7.90765898804607
4.956446517527596,-0.6398392116218878,10.181915485026462
5.968996028804467,-1.5994402252108617,8.149934176101358
9.722347197748467,5.809530815065817,-5.216157022891442
-4.4501514046911,2.6337913077298603,3.695611303996984
10.009899795796862,6.943647681314607,-5.795246591853744
5.885418655497799,-2.5798897052268632,8.634141225103722
-4.592186807633755,3.9217781383080723,2.5856863886992882
-4.472068994194134,2.0178217252901036,3.2132990063699154
10.498416438461568,7.55722764058705,-6.513718894767717
10.257190491533674,6.779796062078267,-5.6071829368730155
5.156234492358393,-1.5079498499925121,10.145971345903305
-5.32903964071672,2.078998428924829,3.9540782129753937
-4.109304473160429,2.678748498824266,4.1869076881185965
-5.648623724005611,4.849110781660253,0.31592053987301716
-5.650800357203461,2.3884823839542273,2.109504762484367
9.993762807506076,6.071869813607519,-5.510812951614003
10.239503303593146,7.60979530079341,-6.9894051594242494
9.257892788881897,6.336036954202177,-7.042580510805175
-6.0055724570143205,2.86612534370783,3.3571355743541407
5.921654251093899,0.20036215663796753,7.482801261880199
10.582700873995194,7.987205334289783,-5.14199371108104
4.952674245419898,-1.0673029078779217,9.486108666985652
12.545627725956091,6.819069857750199,-5.648390750716359
-4.196507379682499,2.9942651409460064,4.2488942998353
-4.347115635860903,2.3634172815649763,1.992303782964397
4.907757220697367,0.027366799346600412,8.93412741721517
9.34145004490213,7.889420222537608,-6.147836982809412
-4.926971382377771,3.329410063928583,3.1586265948111634
5.3102289643279805,0.7793901989666774,10.060169076187215
5.740110869184655,-0.21614030984224314,8.57197947992705
9.32104284878967,8.020344631646221,-6.139328489389059
4.4347974494244,-0.6912728251217248,9.247550792017117
-4.26358163591114,4.144074445239075,2.405761949600589
-6.1860613746190865,3.949142207130737,4.289419824594537
7.028593216174344,-0.41413471598845164,10.3013683021011
6.741684902779557,-0.19159060803380507,9.410915956392834
4.431244001949256,0.4923036182621213,10.566293919392985
5.410749700009009,-1.443227173028226,8.100946774188708
-4.207857024599044,2.6893194895788985,1.7974746935107204
10.195199862047467,7.0954638308483755,-7.030571175761688
-5.21340458973098,2.570065482554111,2.8908384287670894
10.173783292515912,6.057181289789365,-5.509334193311539
10.293432371219906,7.971997299878029,-4.406700386442822
10.218623948048997,6.4746837632437515,-5.662091161615011
6.065335193952232,0.1730750459478576,9.62697297471337
-4.710832912453285,2.715769689969783,2.984114415118251
11.950041313199268,6.741014055929795,-7.1628010554252874
5.175181234404021,-0.29623922657711704,10.013828300345082
9.890612616245212,6.392135404362799,-5.676361472489504
-6.426682707900046,1.2477354624591015,2.3745379366197965
10.846135769220385,6.467664878426423,-7.235189043356732
7.328773959591945,-0.12899195774155475,9.14702043901802
11.152023410305084,5.425452196520543,-5.674334594304228
10.082845395357651,6.1761886638280545,-6.7165143356929
9.275672071470094,7.3272096511049165,-4.857767116612192
8.550507793564577,7.216829132674745,-6.394682936498316
5.960928959854699,0.5604526335777404,10.471201535283877
10.407962850199244,4.606429815425803,-5.0217702276779645
-6.114972004830829,2.2339478513034643,1.3778147633773608
10.85795029976833,6.830414235194937,-6.011622496360624
9.681807999575042,6.8494757617437925,-5.784481460687693
11.622282701299198,7.557268593362666,-6.782381853598564
4.377468468288096,0.766208505654081,8.433627801580805
9.14505933974404,4.443314848856742,-4.905508336748099
-4.562050889478074,2.205528476988502,2.4353397788104796
6.7990141853143635,-0.8798810334748768,10.297093743758508
5.702112950502423,1.6287605466330648,7.885992415490636
9.99299778854151,4.772673802309534,-5.111760745442205
-6.3579319993369445,4.496867838301233,3.0460833160391774
6.75864197654227,-0.5420265537113178,10.839068071466755
9.81174409592667,5.863456635220825,-4.867368803008803
9.678679829758536,6.896721601311639,-4.640938318571785
9.577217735703705,8.443887626612176,-6.18682356135246
11.799252674869335,6.247426249611751,-6.7399951701998235
-5.466073643587975,2.746591008847731,2.3772403024074102
-4.591126485208998,4.0808222991091565,2.863877629201861
10.670918507481886,5.311055442201296,-7.305806111653801
-4.345374432450945,2.986775114046684,2.0658034991811594
10.147917813343787,7.4355755567823065,-7.533234855046368
-4.611869961336844,2.509331466540115,2.75943324734537
7.749734778445217,-0.6622087069140926,9.931876215929755
-3.176189220481065,2.4059617857707343,0.9233871124587283
5.8828781455355115,-1.7406521183504937,8.804512822891477
5.945422874457706,-0.3212186767987074,9.181276901921295
-5.586297816508225,2.14655097799634,3.2195659276516033
-5.243836926362622,2.117351218065808,1.058418798499669
9.127635752133443,6.777341087624813,-4.668582502403682
-2.69675705233865,3.550590062415682,2.228956609636219
10.559739060089647,5.833049621719124,-5.631061983354631
4.8582927788539285,-1.6304843642768727,8.752528252999452
11.800912863454155,7.214586090994947,-6.264709108658118
4.817860654149946,0.806287067540161,8.2630367345206
9.868419444893968,6.854172014021931,-4.395368093784733
-5.090994623859782,4.212584087740732,2.8234259231265106
11.627722175899326,6.5351536122357015,-4.989190257858327
-4.853326559133975,2.764591299225635,1.6837952954621351
-6.434727945484632,-0.6552695924332141,2.4629474038637094
8.91258838918448,6.590421930385842,-7.518708617185594
10.854369413736206,7.59371285398619,-5.394131665795886
-5.108089631751482,2.776758794935513,1.6670918922128193
-5.620817730913821,3.2405100669980826,2.4171904431177724
-3.4364017033654113,4.54725066194606,2.150314915437665
11.978680491996457,5.840460805124912,-7.419506585550312
10.524855822593336,5.678235112394868,-4.886052993184659
6.0452140013794065,-0.6611414739440933,7.925914714504256
-4.959256470246589,2.5411306116401837,2.0157792401170544
-5.02654812273696,3.851820484726133,3.078512078824957
4.994647897782444,-1.1600413160713656,9.265315478682579
10.483407570552716,6.341366412866644,-5.508049714858151
7.329444163180049,-0.20202892300434416,8.542813146916869
6.1768337541264655,-0.1019744048195162,9.019185465401216
-3.9392413130283495,0.07698894295518244,0.7200425345576522
-3.9934595302026894,2.811580998745023,2.1562011082704857
8.361368622789865,5.7083724971233725,-5.921173754127836
-3.547126742473279,4.144832449162462,1.9715574158783076
8.359610708942263,7.21400239326796,-4.9666794867325805
5.214252470490963,-0.5735984688922344,8.19535591499166
10.55553033352955,7.762283830926972,-5.228697981156612
9.567191595694583,6.872207191237972,-4.956757710060085
-6.624163139849382,4.5661310180623165,2.3653232616240554
5.309581874190552,-0.16690091877665653,9.092301500534205
4.0883521490584,-1.0665610970931778,8.573312924279897
10.622016569468816,7.607516833509296,-5.426445344619724
5.61529164962595,-0.6787859506536786,9.30088324997983
-4.899650186493262,2.540062188860472,2.0593400388335343
11.019929017239125,6.778915131695646,-5.035470809027336
5.15347861177442,-2.7009888816520418,8.819081074464805
5.221511660423973,-0.7284478458035115,7.019728354484637
10.808418326154701,6.201109324025526,-7.013181087651942
6.0472636421077945,-1.6496753941899986,10.79915558364275
9.078438085320727,6.858882467937527,-7.416415722954371
4.811322416167533,0.3368836947328929,9.324060112447638
-5.992803343183397,2.2389713468683827,2.4151352594302664
10.12842232501497,7.784353930619115,-5.037910634940527
8.62454952555786,5.934466962507398,-7.3776046995151
4.629761303118142,-0.39070476157569367,8.619082325778498
3.692840651693917,-0.7591694675135376,10.603081766393004
-1.9125552937283143,3.613188277042126,4.641704217625171
9.210750199761412,5.3891787697505285,-5.425089049440275
-4.285039167357651,3.417649449164407,1.9660991786621804
-3.50290222391218,3.556878507052118,0.9486805414313502
9.46249034666313,7.17468850212945,-4.720518877314202
-4.34043859025131,1.5565753655807937,1.0456481279829721
-2.8940925947254517,3.7129908308544337,2.799999077712239
9.757622889073696,7.573851115400707,-6.489063161397901
4.319639179761026,-1.7958492663834758,10.4017296056455
4.708870069069398,-2.1075723850154593,9.130257893786636
9.325967351727659,6.609577635022078,-6.128745677625552
7.48653787228967,7.249322855205982,-6.000362046181639
-4.05095182671019,2.12550243333006,2.574941347230957
-5.820035497206905,1.3133204365799356,3.3883853520129374
4.810749370142418,-0.6384457846755316,10.000955085869172
4.595509859142612,-0.5408310158215458,11.060234714412065
5.441713506158034,0.28790118340356174,8.838133337045864
-4.751331902570397,3.248239582126032,3.37899946711168
-2.9475795405427068,1.6061263172751585,2.254045727629478
10.754202183474769,7.423962543146597,-5.223954039243564
8.970971881975315,6.041705529557061,-5.966654374612929
7.342979466577153,-0.3761401117554069,8.475919021916166
10.533251770087647,8.513737794661614,-6.951782298482921
4.67268126708305,0.02328950167230115,8.460005195189103
-4.565678975834556,3.048812832560162,2.051975065299324
-4.840774151935444,4.950827687413496,0.2085006973026804
-5.3404596748342295,1.808259066666091,2.9714673959303965
5.164375808765751,0.7728613894804486,9.883103291753638
4.166246212747392,0.31948967223024904,8.81834143412235
10.217144384685513,5.309258867026173,-6.428022752645399
-2.7252462245352307,1.33009123688583,1.0301367720977435
5.262575370544414,-0.22564543692844544,9.195856445159631
10.077892151962317,7.228330760146629,-5.016622094414348
-4.896016277571703,3.6985251502615935,1.7422126963678362
9.53929004565732,6.025427100478853,-5.612550432816493
-4.110470147728711,2.322008646949629,2.6686615471687265
10.17349884501382,5.534040543870831,-6.435100520623732
2.866547958095524,0.5049279161445177,8.252273205046489
5.208949879795483,0.5254519893241095,8.324845133944518
-4.524616773437919,4.763969206075918,2.0918462563079316
7.296400217888746,-0.6443152158100733,8.690034529167914
10.175773135869004,6.579863587036352,-5.803114405917718
5.492476694377998,-0.916562698419515,9.847925546907888
-5.617350824196259,1.8517094371349745,0.8323533657174358
-4.030662614443727,2.1660684773834333,3.2353018515495675
10.163551678165335,8.419453154448346,-6.917915350556559
7.719179832079302,-0.44982260871299323,8.193230851539418
-4.266495267039635,2.019274536945145,2.414389503800885
11.373491172572221,6.54258152072656,-6.131851275590291
-4.794895733050754,4.504785444991612,1.0001738804030254
7.001019078562347,-0.2553712971698364,6.915998942905492
5.5313966561519194,0.4817254837776669,8.08040402818006
11.809916548257034,8.225399741217611,-5.226046350082744
9.425996314875148,5.755979760916954,-6.5907182012459575
10.17841287852492,7.023564669551449,-6.1183871454642835
5.385231080300638,-0.6312969560142065,9.0486837157803
6.199838078376256,-1.2923475056052016,9.441664468942767
10.939062600871708,6.558849713242535,-6.85454427720778
10.47736814969418,7.560447398867415,-5.957017131175656
10.886023257345792,7.840690673196949,-5.622320296073308
-3.269590279331229,2.9102152495066296,2.267588300285194
6.894094551760682,0.43590661093809957,9.489875383518147
-4.820940993951931,3.645138166873173,2.2786306701510988
-2.740431835312923,2.391340831277756,2.339886243463378
10.346912873015123,5.860396564521935,-6.965704063027482
5.425222610174496,-0.6616757331827069,8.96822376553454
4.361108544850763,0.523461221776551,9.41976758304576
4.363258872237571,0.2763766460424929,9.396451483053385
3.318848446839472,0.39234780133995584,8.684644373583826
6.283079032795562,-1.303508992494866,10.189842318525043
-4.580482796444124,0.38812483694103594,0.2790064763390081
-5.120466755296226,3.9880742165091627,3.9326745511496375
10.82048001953161,5.90868143825373,-5.5575320140481645
-4.034481367682174,3.931933037751148,2.849448684060091
-5.068604845176397,4.412937476219563,5.06551474831075
-4.510991920003333,2.4345439451400637,3.571990311313134
-3.944519098776207,2.365520484364774,3.344380786200436
3.538846761735406,1.1951743578483627,8.349545474047058
13.319088252176186,6.9840551437286695,-4.922210500725816
-4.672467455342261,1.0880273250748016,2.727659626304974
-4.988473240195347,2.697610355158065,0.7436608848335993
7.453054147740557,-1.9990604042402744,11.547478555560307
9.843744262010551,6.100231157223295,-5.772542001232031
3.9458255359091106,-0.1315371194663561,11.510187228523808
10.516630312098945,6.74189677032942,-5.53012554812254
4.6758546239598715,1.0241793367757797,7.357379040080194
9.196785927767746,6.703343991837109,-5.892171377086323
4.701724115630904,-0.27946120012585407,8.310283499622699
10.434243309250283,6.557450374511317,-4.106013127491329
9.508339871493929,9.135439528365085,-6.673887623609125
-5.199544120657775,2.373697845611931,5.155383668208075
-3.6924211966055824,4.293901833425323,2.290916721389357
-3.0007493851925275,4.061170413130855,1.602166424873133
-2.51979037143322,2.6947435462334317,3.074705934794256
5.669342168653388,-0.0885186442166363,9.711501299502107
3.986648704723219,-0.3737155701666257,6.827539569589324
10.120167165228212,5.5432816774332725,-5.100960620312952
9.061619193838256,7.35671709937935,-5.324751120068552
5.474349751598376,1.2292386453785868,9.49815523083284
9.318174214641383,7.576804878067958,-6.908823936018408
9.90171416291527,5.561363372069609,-6.083856998556245
6.075453532484862,-1.8195497492544308,8.610222766597019
10.60052364219814,6.864843402549127,-6.643192728877446
8.803197323352984,5.438949884920205,-4.0399871960367255
6.1342727315674574,-1.6507270478585296,10.063050907024067
-6.506850993544964,2.8128943572640868,2.228748672101672
-5.689809263632657,2.7953802051280743,2.2890002103926346
8.811430896956187,8.106926148188997,-3.9818557217937993
-3.664581774551968,2.1382401132818796,3.0609528635299728
5.521419722485834,-2.2930644453224724,10.171222329128316
9.022067151705734,4.013337580617097,-4.436786181988706
6.568021566024829,0.09502011607569694,10.504445303691563
5.538640786450509,-0.4704157080343657,11.435920644733589
11.952013061839796,6.079347646533245,-6.142218153175312
8.871092499285009,6.3541273384721695,-7.4043078367544
5.428627242581581,-1.1224348060672025,8.76195773897932
5.940156675034427,-1.70011292246225,9.315538388377774
5.661727225039399,0.5743782261979988,8.132899549846288
5.44391042921845,-1.4476329173112716,8.865462526191472
-4.01097022945852,1.7721810891271292,4.412181284873504
6.358243895059397,-1.7170248331480702,6.65694748217973
4.298775918571206,-0.07185530789071315,8.631259125594896
10.8068233908435,7.8740148600552295,-4.99559957327376
5.534896390573398,-1.102198051988824,9.047028556220363
5.622522369199753,-1.0820947669095236,9.656989229118821
10.014945677142054,6.293810717435275,-8.035949378746231
6.039780587631027,0.5192307461300152,7.4457974244786875
-3.5476727401708446,2.866372713206273,3.254385385575082
12.873764894395947,5.403605856422013,-6.59771588405341
6.138232695857303,0.7004401990281974,10.265023961305513
9.879300077213548,8.082884072553659,-6.074335448026201
-6.43680919840809,3.5132632882178525,2.948155079679624
-5.590164785681185,3.1136446114744687,3.4880748832198822
-3.6170806980411347,1.9382135232122817,0.9772827775636219
9.800826437640715,5.857477115348043,-4.738729802033346
-5.482498522785441,2.5107983452391567,2.6561796774354107
6.2293245321787,0.13420030060351473,9.847094697748076
-3.379212257089595,3.3571707305633907,3.511505210280394
9.426855582063721,7.596899681006149,-6.956080570301916
10.068169319517832,6.031790332037889,-5.470195851270128
-4.715568088447446,1.806252313161449,2.8136585036546236
9.024814380126728,5.177822826992297,-5.792958333363559
11.48404561652197,8.227068052544158,-5.8175474226854496
5.458971235314281,0.5384409685330661,10.742253243404749
4.671013681652011,-1.0876983034936014,10.704063429354358
10.284576245823887,6.524787940381052,-7.438164818709195
-4.42575643881079,4.647343559003161,4.23313871358427
-5.499089046083657,2.614451125927922,3.8246114655580348
-4.421143558715965,1.1795248247605221,2.503334585731761
-3.876288514188926,2.6561832846921782,1.8484837497015818
5.789651994839142,1.0096207715016785,7.4120935931459115
-3.756174291644365,3.185528121103385,3.0022334491774867
-4.072422589053772,1.5524730001179523,2.674444949693334
7.100902766309629,-0.3985204685470001,9.272126447911418
9.527178504078623,6.140022767513565,-6.131769598258766
9.790250646666427,7.891229253570501,-6.654014917056915
-3.82066813529691,2.1258182704633857,3.4363130871672043
10.826449763426465,4.925788979820693,-6.920766776179099
5.533598339577264,-0.3332608394917855,7.548217551400297
10.991408744343486,6.409323256065976,-3.0359637848938212
5.130176939498309,-1.74800478166866,8.0784586397418
-4.753649796892152,1.4940522774115113,2.20820585650599
11.294614819582955,6.104767613532301,-5.233221801008892
6.268197747450397,1.1646998286774486,8.270226869178483
9.573943998880086,7.331165647420977,-6.053365817126917
10.346567456951256,6.66757031530461,-4.973375088493003
4.907305167559002,-0.2363683585481175,6.92895621894508
-3.6154086079973977,1.5334599634670822,3.3394158319009737
6.629826820775488,-1.175311576168338,10.070687357653094
-2.623864510715012,3.490720644340472,2.274462084028412
9.3280856129766,6.781785718853954,-7.586923530913456
10.180261659996468,5.411823447802245,-6.578384478712747
4.760451173527647,0.2812135907499017,7.497197046376096
10.8775504618249,5.330638436596111,-6.858850648850003
-4.073868107462021,3.2920661726613547,1.4247655509433728
6.210150897235216,0.5298586270555036,10.743984997833156
-5.256108818610363,2.8520037639539804,1.7322197593666444
5.001495082767304,-0.9083376525795591,7.632580691271521
6.2851031643811766,0.5446488158171954,7.9281308990440165
-5.285816358982464,1.6852716640883012,1.49549225494275
11.8305580444321,6.004317093096204,-6.706402295858363
-3.434853966428617,3.5581447644043553,3.571120846482807
5.750597197514599,-0.23527259947546575,8.42152189058452
-4.14011509163482,1.7164350066927256,2.725475819183077
-5.413119814469771,2.8108289549510053,2.322108957589253
8.978906325802404,6.172207272001177,-6.033775024412241
-3.09485041587914,2.1512193579277494,2.3584994898073326
-6.933838056378638,3.85614348933088,0.9250449630867552
-6.713964509675549,3.8636969480952477,0.0758221646538133
-4.920227800071217,3.001799559874736,3.5976694207415063
5.016791134718743,0.41119981479505197,9.357842455936183
4.989988537152992,0.014563908987683172,8.699809068174764
5.83156819989577,-0.6525035555602848,9.632810570061103
4.748943495878535,-0.6219220023413266,10.051595076284721
-6.591919969088189,3.027048259028348,3.140938754397069
-4.427122139780087,2.6751179976570776,1.9806024295410203
9.407063913438858,8.671987108272951,-7.8022696200403265
-4.853272730934184,2.1848720038622287,1.9686164441615928
5.033179857113245,0.2667798737593077,9.47865451763373
-4.631986212802617,2.4214801028545168,2.5939254398311653
9.231039214077516,4.610836535920212,-4.686622667515591
10.358509733430823,7.095185482265642,-4.949693667331831
-4.682619613064059,0.9941300711950096,1.6069393371852219
4.3256031883111365,-0.7319394275457497,7.698961192500464
10.60754805997293,6.254124850447171,-7.066538708808425
-5.414029845788249,2.511092415292739,2.1954353671551363
10.479985966549075,6.45524404490643,-5.512147807275092
9.367440698284225,6.894704669731584,-6.635716509102953
9.855230713349936,5.407512456699756,-5.423024295124169
10.590287864211033,6.478433693709574,-6.316394540922387
7.772117869623714,-0.07613044997232582,11.75489515878755
6.844324369937952,-0.850602833210199,9.732979901355865
