Conductivity,Density,Atomic_Radius,is_anode_material
3.745401188473625,1.9256646441930982,63.0852841867953,0
9.50714306409916,3.7095047368917906,62.348939953599995,0
7.319939418114051,5.364729179382041,95.31272902605184,0
5.986584841970366,4.6611244320478065,62.477309992475305,0
1.5601864044243652,5.032805739307249,63.59748630643155,0
1.5599452033620265,4.293916833553586,87.96991312089818,0
0.5808361216819946,4.461382822589263,72.486992122527,0
8.661761457749352,5.2459782578265965,88.83552784775907,0
6.011150117432088,2.24834004429593,53.26830787821926,0
7.080725777960454,3.4471248182157024,74.37855968366921,0
0.20584494295802447,2.106047209098011,51.680680009164135,0
9.699098521619943,5.938340039983235,53.13266017276773,0
8.324426408004218,5.720296698433066,95.32187266722055,0
2.1233911067827616,1.1971340568425295,56.96226855587976,0
1.8182496720710062,4.527875862578442,76.62103411376086,0
1.8340450985343382,5.626241587078329,70.55478013003533,0
3.0424224295953772,1.9028767256366677,67.36716631294213,0
5.247564316322379,3.839726152763147,94.99166728436361,0
4.319450186421157,5.577441487940209,51.091169838774476,0
2.9122914019804194,1.169729892928994,83.18948430877946,0
6.118528947223795,4.4871013362342,98.16972171067752,0
1.3949386065204183,2.4867450368627537,78.0084091730921,0
2.9214464853521815,5.621980976882652,96.84112310165459,0
3.663618432936917,5.855291225826839,52.612893964301186,0
4.56069984217036,5.721332445567169,70.93966595370807,0
7.851759613930136,3.371071083287319,63.007889548102554,0
1.9967378215835974,5.310213254946567,86.54104824903649,0
5.142344384136116,5.222746992675352,99.06485452486234,0
5.924145688620425,2.5955023662162784,62.82650312221239,0
0.46450412719997725,5.144577370753387,82.70873007370372,0
6.075448519014383,1.185038173577463,59.904881637987,0
1.7052412368729153,3.981349392410265,78.2665127285805,0
0.6505159298527952,2.150044186438515,73.19662433441681,0
9.488855372533333,1.602834428886394,98.60026648157685,1
9.656320330745594,1.3847660081460458,80.42636363482333,1
8.08397348116461,4.4814438793906985,67.47531860434094,0
3.0461376917337066,2.699374818840331,55.704789244396665,0
0.9767211400638387,4.623833857643808,57.56234143674673,0
6.842330265121569,1.3267817039947118,61.26584649756175,0
4.4015249373960135,2.5764516891530516,62.5483330670149,0
1.2203823484477883,3.697456461876686,92.5308028920569,0
4.951769101112702,4.953615824194818,78.06113941412625,0
0.34388521115218396,2.59376251466035,76.16954556871832,0
9.093204020787821,4.129456882185045,55.73844359346087,0
2.587799816000169,5.429888741180935,93.00698466747176,0
6.62522284353982,4.079315940911522,86.14071516042418,0
3.1171107608941098,2.164797373768169,53.38341809500008,0
5.200680211778108,1.1220039077826902,85.39175486148844,1
5.4671027934327965,5.350494369504649,77.1769108671323,0
1.8485445552552704,1.1063470542519358,54.08626728733891,0
9.695846277645586,5.3735083634209975,72.91503207643282,0
7.7513282336111455,3.64468567013606,74.23481435650234,0
9.394989415641891,5.695338492564481,58.28872700816379,0
8.948273504276488,4.993916178868327,97.28490735001412,0
5.978999788110851,5.989670552666688,92.4987685740331,0
9.218742350231167,2.7535590772585508,83.45111686645541,1
0.884925020519195,4.835941444655635,73.11477805003037,0
1.959828624191452,3.009654568046211,70.58827707922542,0
0.45227288910538066,3.3993781015195443,82.5486733575477,0
3.2533033076326436,4.13752731609185,77.27159347034527,0
3.8867728968948203,5.368385570931694,53.11365529409428,0
2.713490317738959,5.9204173459964755,75.62513243851659,0
8.287375091519294,4.841367069322591,90.32018086164197,0
3.567533266935893,3.088833910836669,72.96199387984791,0
2.8093450968738076,3.106785011385351,52.59782887771342,0
5.426960831582485,4.687911507944458,89.31390996920166,0
1.4092422497476265,2.1938857288415115,60.06818910679872,0
8.021969807540398,1.5523705656569733,62.93104174440194,0
0.7455064367977082,2.7731107882038826,58.235317671614794,0
9.868869366005173,2.4361949582704088,66.51075324357488,0
7.722447692966574,2.48154060227995,87.83757528443175,1
1.987156815341724,2.1680387552495497,75.96929297519686,0
0.05522117123602399,1.2104659481818094,60.24406370753563,0
8.154614284548341,1.089369673667069,93.89150390760204,1
7.068573438476172,5.938611948680157,93.97909274757646,0
7.2900716804098735,3.138865668679312,93.52892125230034,0
7.712703466859457,2.9216332357984083,61.93981056907697,0
0.7404465173409036,4.39823641346535,72.56196720904941,0
3.5846572854427263,2.0912694393253206,99.24948280704376,0
1.1586905952512971,5.749805919751127,88.60062381549952,0
8.631034258755935,4.931725072077761,51.35837106127799,0
6.232981268275579,1.4470550115612975,53.2602295630246,0
3.308980248526492,3.087903878924642,73.19656884061664,0
0.6355835028602363,5.395591537810823,95.461010293078,0
3.109823217156622,5.723660111457051,76.93508989763572,0
3.2518332202674705,3.3370075562493486,74.89062540171452,0
7.29606178338064,4.067056946053539,55.27368499783153,0
6.3755747135521315,1.8351697304603762,82.8390052362147,1
8.872127425763265,5.955843130684883,91.10515803001127,0
4.722149251619493,2.158358506917217,69.02100037537812,0
1.195942459383017,5.713658870675628,88.78059254626638,0
7.13244787222995,4.248233244961842,98.22383269504058,0
7.607850486168974,4.038683974394296,60.188322956384454,0
5.612771975694963,3.563442555082543,76.16648155973706,0
7.70967179954561,2.1533490585887933,64.35689790422877,0
4.937955963643907,1.8826401600275413,89.64272095169197,0
5.227328293819941,2.102431045350877,78.87966829405788,1
4.275410183585496,1.9321913107212727,81.72912087751519,0
0.2541912674409519,4.897922367833766,89.8957079807947,0
1.0789142699330445,2.7506262958336505,69.79852363312274,0
0.3142918568673425,1.2892133828169818,95.75450342035217,0
6.364104112637804,5.845513150704057,76.65144336230699,0
3.143559810763267,5.4189294248171285,57.8977411417674,0
5.085706911647028,5.638761415976065,84.79495590844013,0
9.07566473926093,5.974539113232177,89.66306752191272,0
2.4929222914887497,1.8694762460974363,65.83808385337633,0
4.103829230356297,2.981210094513294,92.85896284993765,0
7.555511385430487,4.791192378520456,95.30716273828833,0
2.2879816549162246,4.480103090268961,63.84522436889045,0
0.7697990982879299,1.7694795316992753,99.1760736357611,0
2.8975145291376805,5.079165624953089,57.03557640243792,0
1.6122128725400442,2.1222028591833033,60.1007834201245,0
9.29697652342573,2.1190880741131153,59.21124196190131,0
8.08120379564417,3.6848721144670677,94.69948550039352,0
6.334037565104235,3.9646996742085157,82.7146276162481,0
8.714605901877178,3.9004310391890558,57.60521416111364,0
8.036720768991145,1.4574341869887744,72.01617091841744,1
1.8657005888603584,5.387304313151902,80.76490125349011,0
8.925589984899778,2.32800021294353,54.173204249469165,0
5.393422419156507,1.6475746064140209,94.12081842036693,1
8.074401551640625,5.443740399344886,90.18017677207675,0
8.960912999234932,5.778257491148767,75.26033867883191,0
3.1800347497186388,5.310638086327253,98.35633076295852,0
1.1005192452767676,5.04758037362439,70.88804896375498,0
2.279351625419417,4.276209903195109,99.20551595182489,0
4.271077886262563,3.7542868530456968,83.39599994018135,0
8.18014765922493,1.4349337995570508,81.73356366269707,1
8.607305832563434,3.0422660653534934,58.29774476478925,0
0.06952130531190703,2.86344258506157,94.0963879152322,0
5.107473025775658,2.298768918801631,71.37448439603077,1
4.17411003148779,4.6171005684429245,58.111670289123964,0
2.2210781047073027,3.4793786753938543,50.630375998787954,0
1.198653673336828,1.4052310795382397,77.98778418191912,0
3.3761517140362796,2.1009160097490565,76.36998110613382,0
9.429097039125192,4.41629381829798,85.96768111845793,0
3.2320293202075523,1.380654297451501,94.51290265089011,0
5.187906217433661,5.256034570243844,53.97032923215148,0
7.030189588951778,3.4757326350698716,86.57482451701811,0
3.63629602379294,3.40293288663324,59.37059720487911,0
9.717820827209607,3.962038923297588,92.9088526578582,0
9.624472949421111,5.123404829625746,90.95317569308281,0
2.5178229582536416,2.7390460395109653,77.03968774927722,0
4.972485058923855,4.390080762795318,85.51213993116558,0
3.0087830981676964,3.8286598199789554,65.71750565918742,0
2.848404943774676,2.3351413508471066,73.55839494664073,0
0.36886947354532795,5.39314993177579,91.08184488552358,0
6.095643339798968,4.98713010803464,72.96325985866069,0
5.026790232288615,4.292259173292127,67.88991326627209,0
0.5147875124998935,5.2529086454712095,74.710622362515,0
2.7864646423661146,5.336471004799012,91.41246262186093,0
9.082658859666537,4.541814883575174,66.76040236854364,0
2.395618906669724,5.18506664181836,58.68807965678719,0
1.448948720912231,4.487357308346418,85.60070101653903,0
4.89452760277563,4.400703858801502,91.2989106354041,0
9.856504541106007,4.093056891075921,55.031873926176665,0
2.4205527151150044,4.763583197788206,61.993705637797234,0
6.721355474058786,1.7930255264653685,57.09859948804969,0
7.616196153287175,5.404353795994642,67.39707057910833,0
2.3763754399239967,5.35921763872616,72.51754894527063,0
7.282163486118596,1.1462364151727957,87.44131684816531,1
3.677831327192532,5.129083752823814,82.5573792440837,0
6.3230583059357945,1.644349337367226,81.04642837392156,1
6.335297107608947,2.6755942712957097,67.61874733048272,0
5.357746840747585,4.717541281458039,92.072377654238,0
0.902897700544083,1.803799480241541,73.56435836990823,0
8.35302495589238,5.0898351205953105,98.95524690075773,0
3.2078006497173583,5.16067088978871,81.70710691478683,0
1.8651851039985423,3.537338668804181,56.313237078225136,0
0.40775141554763916,1.031929358584168,83.80887810377169,0
5.908929431882418,2.435190665874564,66.25520077158495,0
6.775643618422825,4.084634591878711,84.31635983430488,0
0.16587828927856152,5.9059308901371175,53.48205740812028,0
5.12093058299281,4.159067635083342,58.744071858797966,0
2.2649577519793795,2.299017905320799,92.78686294528931,0
6.451727904094499,4.170028515498057,61.358977851175744,0
1.7436642900499144,3.6999268985792773,91.852056262147,0
6.90937738102466,4.8992269757557185,63.96380442272052,0
3.867353463005374,1.5349031941347921,82.14409550293539,0
9.367299887367345,4.80513951251014,84.70752867549155,0
1.3752094414599325,3.7063328933805515,75.63273765725265,0
3.410663510502585,5.814960019294973,65.26553383483656,0
1.1347352124058907,2.7093608301934307,60.632218818554804,0
9.246936182785628,4.1631094656697405,51.659467728121314,0
8.77339353380981,5.660140527550087,65.1973200620362,0
2.579416277151556,1.5125486399533963,82.65813952656416,0
6.59984046034179,5.686142436182256,96.91524092242413,0
8.172222002012159,4.439428611504066,93.5602241131526,0
5.5520081159946235,1.3391852955258594,88.30323882676512,1
5.296505783560065,2.504817834734081,89.42236716266493,1
2.418522909004517,4.540860443226408,83.24924517379976,0
0.9310276780589921,1.3367530073438585,63.01434287830015,0
8.972157579533267,3.9108523008813663,95.3597515352915,0
9.004180571633304,2.7294152847647837,83.53661559529169,1
6.33101457273268,4.104577588837385,78.02203154902199,0
3.390297910487007,1.2287101690625644,55.54947346067405,0
3.492095746126609,5.357684030761881,72.35277719032126,0
7.259556788702394,5.867444845886984,73.01791356009632,0
8.971102599525771,5.8443892764284575,93.2281804761335,0
8.870864242651173,4.748259158714624,77.33241100938943,0
7.798755458576238,1.6504312006531598,69.02002744852048,0
6.420316461542877,4.791315979645113,98.84001642553297,0
0.8413996499504883,1.1229345822940076,55.536029666315784,0
1.6162871409461377,1.1106177576449863,71.12742141559723,0
8.985541885270793,2.618051095747706,52.10123375857027,0
6.0642905965958995,3.443215952023329,86.99520603834651,0
0.09197051616629648,4.852037089038966,95.90382760995753,0
1.014715428660321,4.4164768830325265,64.00186647752447,0
6.635017691080558,3.229513531883742,92.91708383995604,0
0.05061583846218687,2.3681333314083295,64.61091152309488,0
1.6080805141749865,5.985622500788556,95.53850808219576,0
5.487337893665861,3.1309065111798646,87.6980951798392,0
6.918951976926932,3.2569351216483775,90.24533884207193,0
6.519612595026006,1.818119105958346,50.90032778002273,0
2.242693094605598,4.974047743749647,98.1405178537013,0
7.121792213475358,4.468411128907443,86.33354960351616,0
2.3724908749680007,2.103848063943802,65.23755476930667,0
3.2539969815926773,1.4119052280792135,91.46973324294234,0
7.464914051180242,4.402496510373565,64.0760599207465,0
6.496328990472147,4.272556071405676,93.6376919783064,0
8.49223410494178,2.3662976349910467,55.62901952059685,0
6.576128923003433,5.754317811252052,85.18429887303978,0
5.683086033354716,1.7552894589045012,77.03492383224551,1
0.9367476782809248,3.1616740052130097,54.82672350977204,0
3.6771580305943354,5.718079600837994,62.09469141294195,0
2.6520236768172545,3.0986365846306114,50.62020181386574,0
2.4398964337908358,4.192629738320427,73.43839827322529,0
9.730105547524456,2.987971989813971,65.06326303800002,0
3.930977246667604,2.3710760117433503,79.91787421488795,0
8.920465551771134,5.919888239799141,64.86189038543085,0
6.311386259972629,3.046670031575215,64.99595557534923,0
7.948113035416484,5.470496018395672,87.15965993658017,0
5.026370931051921,2.1497730294554307,52.40714179891767,0
5.769038846263591,2.0655235201254163,95.14474975959936,1
4.925176938188639,1.155670414422557,92.61319371955906,0
1.952429877980445,4.258334126879426,83.39023416132034,0
7.224521152615053,2.8426317186188057,79.66107850536922,1
2.807723624408558,5.321791249198185,94.61512490698262,0
0.2431596643145384,3.366049533457786,59.26650897643572,0
6.454722959071678,5.840967139573609,53.948458109541434,0
1.7711067940704894,1.9276275785156058,61.9755084954769,0
9.404585843529143,5.343115839778054,89.72891393500952,0
9.539285770025874,4.882984263958709,51.733513336324165,0
9.148643902204485,4.85460922322026,79.14034175417449,0
3.7015870025544437,5.223916140584438,99.7718758095655,0
0.15456616528867428,4.8051199547149945,92.78480469187697,0
9.283185625877254,4.131101608157077,76.07228445217947,0
4.281841483173143,1.6562243884119379,53.18204546433212,0
9.666548190436696,1.1626308974562596,91.5686757192855,1
9.636199770892528,5.604239239078434,79.94892540886053,0
8.530094554673601,4.08325157260369,55.746649852978344,0
2.944488920695857,4.982686454880882,54.69286424116781,0
3.8509772860192526,3.4076117575627505,95.48134097182961,0
8.511366715168569,1.5865409448119725,83.46001314690392,1
3.1692200515627764,1.625928961012752,91.46433996583778,0
1.6949274668609249,4.427826436144857,93.94894501411336,0
5.568012624583502,3.1515294744973135,78.58861760241611,0
9.36154774160781,2.002623633501684,75.87231758775206,1
6.96029796674973,3.4579727337071846,71.5213705160495,0
5.700611700893649,1.3210446853756705,65.84732938955597,0
0.9717649377076854,3.909857009571994,71.72979804293558,0
6.150072266991698,2.3449670221754886,88.69398278650782,1
9.900538501042632,4.987795503185941,80.09617155075658,0
1.4008401523652403,2.551809794617869,94.62616449774231,0
5.183296523637368,3.276100745409006,72.16900071895938,0
8.773730719279554,1.0581026995405032,80.35447893593769,1
7.407686177542044,1.3622344389727945,81.56537765459944,1
6.97015740995268,2.962467782033424,79.58485811531628,1
7.024840839871093,3.3996941735856177,85.13168865427582,0
3.5949115121975517,4.000102740596518,61.871673418740315,0
2.9359184426449336,2.458312893546516,75.61818887728953,0
8.093611554785136,4.474909430632713,55.21124014041738,0
8.101133946791808,5.300611985946023,69.22556638224063,0
8.670723185801037,4.899254944466749,74.38335343106323,0
9.132405525564714,1.1980941267417857,82.61121297727362,1
5.113423988609378,3.4025347362891445,97.52655262931017,0
5.015162946871996,1.5246508920908743,80.03255332741779,1
7.9829517896677515,2.2102250793126372,87.17969580882799,1
6.4996393077776515,5.933312966335732,75.31330297476013,0
7.019668772577034,1.7124777145075663,81.70520156881656,1
7.95792669436101,3.4944407672567803,53.54661080668867,0
8.900053418175663,4.090778671590595,62.71957904209235,0
3.379951568515358,4.5123248527205195,68.09265466025693,0
3.75582952639944,3.7982434174345707,73.62466775032567,0
0.93981939840869,1.0488542370959184,52.282437275119186,0
5.78280140996174,2.6323065412199593,57.001204877665884,0
0.35942273796742086,3.5885582169235573,63.84071538956529,0
4.655980181324601,1.4393324957241669,98.57663454505254,0
5.426446347075766,2.753134656045904,66.56735035515254,0
2.865412521282844,1.1660155439568327,74.10205290560413,0
5.9083326056901075,1.3928924857751037,59.80488563691965,0
0.3050024993904943,2.98461638100798,80.5390035537884,0
0.37348188749214417,1.6635787702153018,64.03416077579871,0
8.226005606596583,3.8377042413077906,60.34962892192134,0
3.601906414112629,4.447324845686328,75.82863142229895,0
1.2706051265188478,5.002933495545414,50.27528995802104,0
5.222432600548044,2.0007512212240504,50.383201632461265,0
7.699935530986108,1.8374129112953488,60.95344045509289,0
2.1582102749684315,1.5228392016720012,51.83606812504106,0
6.228904758190002,4.182151247718183,55.40128770653457,0
0.85347464993768,4.532378632434506,66.94303246693758,0
0.516817211686077,1.1579307241282102,90.12928397899064,0
5.31354631568148,5.681061231218449,78.60243216846504,0
5.406351216101065,1.2598564182573622,75.63338629782082,1
6.374299014982066,3.7064816765053523,64.67444116040608,0
7.260913337226615,4.545302597254582,96.58768597164081,0
9.758520794625346,5.354845618730428,69.85075206185958,0
5.163003483011953,4.570434660662139,54.35463833978857,0
3.2295647294124596,5.008640415348959,80.85332580589007,0
7.9518619476870365,2.69725096271403,55.69191967383007,0
2.708322512620742,5.074125568732561,67.2611571400846,0
4.389714207056361,1.4005742319233758,75.37059693589045,0
0.7845638134226596,5.474083280302638,93.71112623425878,0
0.2535074341545751,3.7379618807686814,74.67732901700593,0
9.626484146779251,5.0864888498124685,85.11293830158321,0
8.359801205122059,3.2615914225915006,99.64084194995351,0
6.95974206093698,4.217888475982624,56.57445599489908,0
4.089529444142698,3.632013304680566,63.73657627597598,0
1.7329432007084578,4.657947608776659,69.72880377988233,0
1.5643704267108605,1.408149910152948,71.09140892694157,0
2.502428981645953,1.301760419952819,70.55105376327728,0
5.4922666470612045,2.235516170050732,95.38055012782775,1
7.145959227000623,1.7977234005659417,85.70163222334281,1
6.601973767177313,5.3589178329610085,80.39526070453519,0
2.7993389694594284,2.0960699367902214,65.46863589313911,0
9.54865280663194,5.879326279095657,91.18951921106473,0
7.378969166957685,2.684478958855534,97.75302557424945,1
5.543540525114007,1.9105895784434965,91.05991412751132,1
6.117207462343522,4.948492535712395,50.078255259573645,0
4.196000624277899,4.29353887750438,81.82006850917035,0
2.4773098950115746,3.490978582265695,52.556769072105034,0
3.559726786512616,3.7768177546881563,62.880361016686095,0
7.578461104643691,4.596008891361319,52.97623501738858,0
0.14393488629755868,2.1422737066564936,80.18977264746938,0
1.1607264050691624,5.981669580283709,84.32949567463034,0
0.4600264202175275,5.873965810733916,55.72438190329525,0
0.40728802318970136,4.251628431734685,69.19194415224898,0
8.554605840110073,1.9977122546457258,72.8118254477771,1
7.036578593800237,4.401141212156457,68.45265108804583,0
4.741738290873252,1.3609920448958792,56.05125002425965,0
0.9783416065100148,1.1532625110290304,70.94738950937378,0
4.916158751168323,2.2884144425560686,87.55890239042091,0
4.734717707805657,3.3131147836965815,53.550383226662774,0
1.7320186991001518,5.341362527041903,54.00900070409517,0
4.33851649237973,4.63584534883154,67.73856459179922,0
3.9850473439737346,4.713532605999905,97.08628558094625,0
6.158500980522165,3.1274666722403768,83.42863233614571,0
6.350936508676438,2.7296749627348147,83.93349783362824,1
0.4530400977204452,2.8551938149230134,68.09599954189325,0
3.746126146264712,5.938247818680289,79.68303956042692,0
6.258599157142363,1.2005459570624124,50.50655920138717,0
5.031362585800877,5.335157480612243,81.80480232047711,0
8.564898411883222,3.893377042861967,95.66434737881184,0
6.58693631618945,3.1930770959479524,80.62867341724096,0
1.629344270814297,4.626288302075682,93.68492967331724,0
0.7056874740042984,3.4333447071235144,86.19865277330469,0
6.424192782063156,5.367116190408303,56.02792082018451,0
0.26511310541621813,5.503509320056293,95.12266536429209,0
5.8577558127346325,3.108604634367277,53.322192217788746,0
9.402302414249576,2.384138986175258,76.6983736273882,1
5.75474177875879,3.961751642966811,57.10685618967288,0
3.881699262065219,5.561816728083455,50.5853305365452,0
6.432882184423532,2.0533109450283327,71.10171300638194,1
4.582528904915167,4.114832917817414,64.75203538270782,0
5.45616789315935,4.157801100462603,74.30002468988015,0
9.41464808776525,4.665565112076405,78.85999433672754,0
3.8610263780077423,1.657838425636299,52.186953615447365,0
9.611905638239142,4.579124823410442,56.15016475618728,0
9.053506419560637,5.545162603328205,77.93211982252127,0
1.9579113478929644,1.8984155443512098,67.15836765863291,0
0.6936130087516545,2.187716624619388,86.45867437747239,0
1.0077800137742665,5.856975470208198,82.614582429597,0
0.18221825651549728,1.9048847635474488,92.28021814949534,0
0.944429607559284,5.271925466847896,84.62464133346126,0
6.830067734163569,3.461389282240174,71.49655386950741,0
0.7118864846022899,2.2361553720158853,83.64833111972162,0
3.189756302937613,5.353749506362557,63.76905871277093,0
8.448753109694545,3.2265262750133274,65.31567493891063,0
0.23271935735825866,3.574086769648451,89.44925799603966,0
8.144684825889358,2.7961668469988283,72.32097582007911,1
2.8185477477339993,3.9647542571746373,89.91901702591763,0
1.1816482762165625,1.8176193629251138,91.12111868341393,0
6.967371653641506,2.9554076832588034,92.8781168830642,1
6.28942846779884,5.847061611676438,95.83176179206036,0
8.77472013527053,2.2906671635056375,71.5492610256648,1
7.350710438038858,4.283683322706461,65.94334091605694,0
8.034809303848485,2.6259503211234745,79.1099373297057,1
2.820345725713065,4.867365628433003,68.55862117188138,0
1.7743954377972282,1.6543683035917491,80.05370834001165,0
7.506147516408584,5.849105225392724,85.27929313219123,0
8.06834739267264,3.2689477069181962,84.42025092460685,0
9.905051420006734,2.18025231673232,68.72764435100606,0
4.126176769114265,1.3674837366500632,58.34301008493764,0
3.720180857927832,1.8487895254377036,71.52646692311038,0
7.764129607419968,3.598869742780088,57.12970720409544,0
3.4080354025301784,2.6850158821564314,94.50485175919042,0
9.307573256035647,5.144416829413047,67.29387303689288,0
8.584127518430119,3.1544376183090295,57.72298736116619,0
4.289940273750183,2.2435713629381495,51.272387995287545,0
7.508710677914974,4.085724933020151,82.29111931432422,0
7.545428740846823,4.533886084427229,81.84511587273715,0
1.031238688359326,1.8352095395047492,67.03020832906458,0
9.025529066795666,1.8380960814415883,53.58559444238255,0
5.052523724478571,1.1833571346677147,70.4814447447616,1
8.264574661077416,4.682010075328202,65.56087475316968,0
3.2004960103061175,4.3190226381090255,83.85603198675047,0
8.955232284962005,3.3731543787490694,80.28896247263452,0
3.892016787341631,5.220852244845986,68.229686409877,0
0.1083765148029836,5.028350764750266,60.894627712749504,0
9.053819764192637,3.9267718219837606,99.40179830777959,0
0.9128667678613356,5.341356402566293,72.70008105980574,0
3.1931363759041487,2.0292060501838414,84.41371178901186,0
9.50061967050805,1.5595980969886394,57.02764837891804,0
9.506071469375561,2.348748057584948,74.27948498296989,1
5.734378881232861,1.2854342804465744,51.37683599347327,0
6.318372121697992,3.65584764000516,75.2727558955225,0
4.4844552197831975,5.683028461474807,98.20087035588512,0
2.9321077169806453,1.1967177033425482,69.21033564929002,0
3.2866454536991596,1.610549570050134,51.94980062874558,0
6.725184560770384,3.2609951414171765,51.54778954596718,0
7.5237452943768,5.669375087639525,69.39933799734348,0
7.915790437258485,2.5807805248837523,58.001246823159704,0
7.896181427945539,3.536174043441962,51.167604816409295,0
0.9120610304869037,1.2078642952519605,87.81068069750884,0
4.944203047025814,1.7417160048104443,72.92615044409453,0
0.5755876001664428,5.933150614794235,64.46223859863272,0
5.495288823237355,5.825593482180228,95.00415915082404,0
4.41530501373377,1.024699904672048,55.80694801002628,0
8.877041827582998,5.759058927116195,97.79594144776595,0
3.5091501255207866,4.195599689077502,65.69833586886764,0
1.1706701642760586,5.339591472600111,94.42018361543407,0
1.4299168205283586,3.2736992781692953,80.14714382397308,0
7.615106317174723,3.5779801428962514,91.33536798707436,0
6.182180633162611,3.444232901284601,99.2006581605232,0
1.0112267612279024,4.334321287730521,64.42027189093729,0
0.8410680611499743,1.6982562737815645,98.05677427037965,0
7.009691314591199,1.1498679493633897,69.47409474512102,0
0.7276300636419353,2.5396497079559546,69.27559523684612,0
8.218600592903563,4.523403813683234,67.01935521272529,0
7.062422271564962,2.0092672606147417,77.07038036737926,1
0.8134878064189976,4.367162166624587,57.707252158924355,0
0.8483771408519192,5.849560230536352,77.68557426790056,0
9.866395785011754,1.469503578947092,77.0852406205002,1
3.742707957561203,4.363010591125631,88.0950906302435,0
3.706421470668909,3.2187510965228556,91.68249809687927,0
8.127995672575025,5.3407112718875265,72.0220675156212,0
9.472485773838587,1.8857489472369295,65.11666246757468,0
9.860010638228708,4.463129761130823,62.96674486585472,0
7.533781852589416,5.190576448240551,59.73119183524359,0
3.762595855309158,5.723071097370116,52.882379109951245,0
0.8350071669866876,4.416240141448229,67.12239894173567,0
7.771469159274368,3.4858738200421366,63.512384606539165,0
5.58404249735805,4.089236201006069,98.32086929332037,0
4.242220092469763,5.344524922393591,77.8854413125022,0
9.06354385094736,3.8530487331941483,67.36385195152538,0
1.1119748230615134,1.1519352984841844,79.0233800496848,0
4.926251042908591,5.654743477534889,56.95983506728477,0
0.11353644767419069,4.447633755157806,72.20218746011014,0
4.6866064199412625,4.382566928886233,81.31171607105318,0
0.5630327568183735,2.078375761988586,74.44489158962257,0
1.1881791626807192,4.294427351163286,70.08894003271621,0
1.1752624677710488,2.9693220282707924,99.6924194449849,0
6.492103021160636,4.25616488520746,94.01573810744635,0
7.460448792654233,1.5329651515399536,81.17029790797201,1
5.833687650971596,4.289226523015181,78.46886805911414,0
9.621725484745419,5.997068628853333,81.0330239912292,0
3.748705795237041,1.2410601943027801,60.065605391121665,0
2.8571208628186073,5.885870921106586,69.75688716321594,0
8.685991281894603,3.034539803614353,51.972976644544964,0
2.235958385194526,5.353767251686296,73.77730187434133,0
9.632225394406113,4.911927420291367,77.15122919788315,0
0.12154474689816341,3.8350813049333388,61.38748680516048,0
9.69878826707639,4.692246046256633,98.20144235827568,0
0.43159911950576113,5.39257780650674,95.4727305468621,0
8.911431136980712,3.0207016082551648,86.1071617727953,0
5.277011090862999,2.6351658078161933,76.66933143826813,1
9.929647961193004,4.337966927817924,93.49845798238425,0
0.7379656473539886,5.039229709706293,56.532617191173145,0
5.538542844013207,4.811425673883079,89.52548971374425,0
9.69302535619099,4.989068244293172,56.24104069834242,0
5.230978441701488,3.177916574064665,89.71053312747027,0
6.293986381352625,5.089171080875108,63.78837841256785,0
6.957486889846171,1.6010452768530423,93.85452905090945,1
4.545410647677732,3.722445489804248,97.2021046912699,0
6.275580800840634,1.028793302490608,57.43979847025578,0
5.843143119231002,2.6229291495013514,73.13378025326968,1
9.01158010490989,2.8323076743569895,99.04936890813426,1
0.4544638034145787,2.9808634580462767,74.17037179865733,0
2.809631895922303,4.477336033449311,93.17737612572725,0
9.504114840765588,2.9427905063517286,79.436576106566,1
8.902637838909163,3.2434681131126535,68.76649539598009,0
4.55656752785713,2.1877206543716374,64.28917777629351,0
6.201325978015367,2.8662589581467004,60.16115455430436,0
2.7738118298113266,2.1363481363157573,88.08990956888486,0
1.881211597237613,1.3659796188422182,69.3270253411514,0
4.636984049399821,4.01724296690689,75.56377311003756,0
3.533522280260528,4.341063992775082,74.6162740000591,0
5.836561118508721,4.097451730048073,78.86395146165657,0
0.7773463696498484,3.3174702190028618,93.2788572812276,0
9.743948076661665,2.898928900896149,99.03696717917147,1
9.86210744479603,5.316668247859126,70.37921042869084,0
6.981617140197452,3.5954089256810904,91.37594610531515,0
5.360963663441204,3.395909388148655,88.22638973273588,0
3.0952761628632777,1.1282103290321785,78.67644757277867,0
8.137950197069486,2.7062391381307815,97.80235718059666,1
6.847311725538793,2.900978093929285,60.023725776420136,0
1.626169393448913,2.9941139044845024,55.46321051548107,0
9.109271844938425,3.9008618461366615,92.69809834777111,0
8.22537242923169,3.6680127336343924,71.95749083168741,0
9.49799913291924,4.039525463967223,92.34844271035303,0
7.2571950838836,4.824416307710641,94.65451025977075,0
6.134151959357899,5.064928693580468,53.122879680953574,0
4.182430362906189,4.590615381132472,94.17323814930303,0
9.327284833540133,5.777618479774674,72.4159527684711,0
8.660638895004084,1.0911629133818082,75.52162445021162,1
0.45218670106189407,1.9788899284177304,81.32962555466051,0
0.26366974497252005,1.0378143748907105,96.31913033650434,0
3.7646336687804958,4.2373735707730145,50.9558047214882,0
8.105533307818328,5.490152744749935,73.84217341589085,0
9.872761293149445,2.2174114828814964,84.38610212152804,1
1.5041689110352818,5.635172723981533,86.13534788491143,0
5.941307153521351,1.3013369514478041,84.6266215768554,1
3.8089085663102153,5.672180134027571,56.72175647040609,0
9.699143978146033,2.758113436198172,64.96977941858407,0
8.421189231357086,1.5071041422460825,67.93577627085068,0
8.383287047111379,3.4293587959316283,90.22186038397524,0
4.686931597949703,2.2838828386025396,63.93799362072765,0
4.148195023376652,2.4243645098096143,60.53524819336016,0
2.7340707193070624,2.5364498246314326,97.87240095190481,0
0.5637549665092711,5.015129489163317,50.443164255673445,0
8.647223762550531,3.695806383376272,99.89104278409891,0
8.129010091300776,2.556538495780018,83.84106494286978,1
9.997176732861305,4.051668916554592,91.42346497245586,0
9.966368370739055,4.580753371115968,64.73096981730966,0
5.5543170560262745,2.3631200036676687,50.715763883353,0
7.689874151805105,3.0677455076267575,86.8934759280765,0
9.44765729882428,1.6094304666847377,91.7072298500338,1
8.496473906774115,1.9057467476734016,87.02380659767596,1
2.4734810174319763,4.4055892698249135,57.14251436504193,0
4.505441353100935,1.9071917384781347,87.67139611284846,0
1.2915941515149498,3.6258169183353006,88.44613910538206,0
9.540510272587223,4.545231308612164,82.92702578350274,0
6.0617463445088005,1.5343846154737193,88.30579663977932,1
2.2864280550346274,3.836561098144518,92.2960719838866,0
6.7170068440585675,2.282813918506819,80.68020571187293,1
6.181282404578958,5.814634376187899,54.430235698483955,0
3.5816271803284048,3.4177282335996235,74.38139048336055,0
1.1355759219962902,5.029962748875791,53.88246673358025,0
6.715731955927996,3.7511327107813086,70.37715155162154,0
5.2030770090379335,1.2170626642740958,70.35532445628138,1
7.723183917356393,4.165756877970112,53.30049220701208,0
5.201635011119934,5.757016711033285,67.44102669847396,0
8.5218150031854,4.008059100731656,55.54990493956574,0
5.519068387744856,5.095944297133951,90.4117605004611,0
5.609379715353863,5.421032316742039,97.38440129822354,0
8.76653602658345,2.1403988597446624,53.61582376289693,0
4.034828662123971,2.0602241995411332,97.75576036458507,0
1.3401522845064073,4.054904944254959,76.12882996683726,0
0.28782676313338973,3.0551423490335234,64.9782838976937,0
7.55137255673619,5.1993065143336015,53.84310376380817,0
6.203095513534647,5.500115616990056,75.0312134035209,0
7.0407976809922355,2.7671068965135905,89.72577722453744,1
2.129641615089107,2.18435279487241,85.35432386333491,0
1.3637147558676976,4.9026275762193094,52.51130057319869,0
0.14544665667881929,2.3740301777406803,53.645091768395176,0
3.5058755880659698,5.113071592568392,70.14366413163185,0
5.899176868546331,3.118691268243814,64.76452470239717,0
3.922440450997323,4.337749496457352,61.619216152802395,0
4.374749220237291,1.477676569173341,64.05022494543567,0
9.041586944937483,4.119296623382866,90.17413716484424,0
3.4825546702330037,3.258838393686146,96.46140268159269,0
5.139894891598108,3.9330423158773704,70.25513472637832,0
7.8365301274114305,1.840071038724317,95.30555010662485,1
3.9654278232127016,4.68436872472091,66.0747850623941,0
6.220867002278735,5.3139853877161425,73.82184931718959,0
8.623637087467452,2.083699000453878,61.30144989079999,0
9.495206236576422,1.4785727776008086,82.0238021087922,1
1.4707348092903794,1.118192930231682,98.94905575874044,0
9.265876251614944,4.20985750221633,80.17465480216893,0
4.921162930795382,4.0354701804439035,67.89070420567745,0
2.5824438829895833,3.73348706357035,82.39087229952642,0
4.591357562382613,2.159735480579877,56.14603392326938,0
9.800325752854771,2.9545299795275732,94.43295401326993,1
4.926180939928696,3.9723816759308654,75.15419753899181,0
3.287516102875082,3.483834294295847,72.4674871019821,0
6.334008543167258,5.938927601074436,79.29323942267595,0
2.401456187781931,1.6821987627836656,81.23919313947013,0
0.7586332810866392,4.475722770237969,53.58879031132565,0
1.2887972191064923,3.0215938405214606,84.13086106117012,0
1.2804583895777244,3.1409980746280737,62.09658401577648,0
1.5190269351229435,4.587988828290881,85.69763162532949,0
1.3882717264941014,4.462180756621848,91.12673971920984,0
6.4087474480321465,5.956279968510941,90.197925377626,0
1.8188008439914483,1.6419714472706262,77.62504837039445,0
3.456672833238632,1.5205482469208316,76.00849461553756,0
8.967884099060118,4.621694085643705,57.14379806697059,0
4.739616402628723,3.8919345850320455,88.76730752015678,0
6.675577385210271,2.370803332799029,63.570469022335715,0
1.7231987120162984,1.397096844944933,74.83477114089733,0
1.9228901880867078,1.4282912479821528,64.21370464637583,0
0.40868616266478863,5.470954373320591,56.691418149984656,0
1.6893506307216455,1.9593366235937144,81.47788484458682,0
2.7859033903195862,2.6168578105776037,52.71660174114519,0
1.7701048427674682,2.13328201113494,87.43226170631,0
0.8870253375705561,2.7749815291596867,65.87933976305584,0
1.206358711006008,1.3471192137304668,50.00673465022427,0
4.607787680327258,3.595298954541352,75.55645696186149,0
2.063337184057925,1.3380628179610745,52.34259542638016,0
3.6426986104807546,5.001782539111808,63.80847789104497,0
5.034172708548569,2.168560409552165,85.3488243727858,1
6.903948286293653,3.700059573022553,53.13448108109329,0
0.39312139841098936,5.400395437807291,91.96692461780012,0
7.994103989090426,4.25438684523597,50.19099613292916,0
6.279003894909078,3.6647889327566765,62.34119346009511,0
0.8175903194887191,2.621668765576878,87.04520280760357,0
8.735786241067773,2.6650095652909895,65.81350748646534,0
9.208724005318132,4.34743477599095,55.094619403300676,0
0.6107795985486375,5.970696806105837,68.0116959400214,0
2.7687764814720373,4.309195949246893,63.51966431922628,0
8.062012797930613,3.7889170868501245,92.13559510802774,0
7.482596903836583,4.65325255119623,65.66739587925716,0
1.8452101935637732,3.3260280614185906,89.44662358880036,0
2.093493233367103,1.300711713003926,94.59360724053673,0
3.70472102791382,3.8114840793895493,71.69087097882648,0
4.845229851910213,5.788126422526901,95.4971571927196,0
6.1825477153029595,1.8765147117882983,68.86590269815964,0
3.689136395697724,4.450024454103328,98.20392082450542,0
4.625347161331479,2.0046684432952824,54.46447622627865,0
7.474709381337565,3.6791384223654062,84.35096332516213,0
0.366832028905979,1.483382248233598,74.69070202284644,0
2.5243694434402073,3.2518546812909257,69.38244027278236,0
7.133495858845524,4.78081664447623,81.63559393743004,0
8.952068376871994,2.7378576211949106,85.19285458171656,1
5.116774421156661,4.32455862243609,50.21816348251546,0
5.321134852653157,4.977249803948646,58.347654437359935,0
1.0717201133977605,5.635889097397263,85.65230253171593,0
4.474123668234546,2.1732104092772677,83.31927067891033,0
5.326172664550231,2.9965795790465406,98.30237525643386,1
2.4247050363472966,1.762080066652087,88.05188951253915,0
2.6924323094938094,5.962417510791876,97.53863538656691,0
3.7728416310462265,5.635004839621477,85.12702507674035,0
0.20071197777726368,3.699785651402798,64.90261043197216,0
3.220791655831783,5.210166471882106,55.268246112542826,0
2.1144800699654462,3.604789886360211,89.09119316724679,0
3.2749735217791462,4.117928440013799,82.2074610737958,0
1.1976213181925122,1.4456221605800832,52.40930061966481,0
8.90527280739895,4.77635210248404,68.00252329504892,0
5.935924535540487,1.6385674181761742,97.8399907742143,1
6.791023191444896,5.130338151262642,75.02005728551006,0
7.891712386073383,4.910140438351929,71.63645680098523,0
4.984421989290572,4.543723488714882,72.8849802579647,0
0.8692028808742369,1.1808019026238106,60.444136200258185,0
5.371065418185478,2.515641779726643,68.43535854323976,0
5.868411180208791,2.3155628495542144,68.49066279935883,0
7.4543947418433,2.8006820373575954,52.61775100937362,0
4.316595462296794,1.4382137338191927,88.37838142589591,0
1.2758030279556376,5.684789115155314,70.82522159519395,0
2.8377590579872445,3.7690112035618815,91.10899434082117,0
3.630822963986351,2.5276215532901176,92.51740005599477,0
6.459172413316012,2.984907585371417,60.599702734932904,0
5.707783046689119,3.236012702524178,82.86767410850644,0
3.5609672589784624,4.002971666803086,73.6140902081491,0
9.865152487929796,3.578397138482489,94.00783689607425,0
6.057748193568871,5.596959866072087,60.787033958822704,0
2.372267917359945,3.484817414529151,83.89066001550222,0
1.0178247262040374,5.960790074116563,80.38760611263612,0
1.5285913918433203,5.257124788725479,64.76507387859164,0
2.459577283845081,2.042552571786679,56.83004518255863,0
1.6068137325955567,5.652976073219581,82.58198802386383,0
1.8656702405130576,1.5818319894273805,86.92987290661654,0
2.850951686938471,5.087248542455958,65.78136718816751,0
1.7337359529475482,2.9031164673829,82.2416302011157,0
8.967654246264251,5.389871602225347,69.75654538057516,0
0.8023374566164221,5.340283450537251,85.66034416413089,0
5.245113895702547,5.029627000588106,59.96076374470265,0
4.103968269896615,4.950152181535307,94.51075013180872,0
9.823786169086064,2.523395695490204,64.37047982327898,0
1.1203890216805235,1.4045964152562609,68.38929938780765,0
3.9785559904574166,3.014900893825807,52.90459760401749,0
9.69470433275369,1.8676225749325432,55.57561061606382,0
8.655071258939802,4.474755444512309,75.7930951356164,0
8.1707207094928,2.730498632688928,63.379633836398575,0
2.579028270449398,5.878051004299574,91.77401128710972,0
1.7088758739006582,4.20486038672666,50.734669432747694,0
6.68643219924431,5.112402818171804,68.95470243359681,0
9.293759891275858,1.6626233637092422,66.86727733845464,0
5.567628930139298,5.310072411363112,50.966381545880054,0
5.7161268946989985,5.613785952566972,56.21841995002551,0
2.7997909366028417,3.4353095940946794,70.68213374593176,0
7.694929331919369,4.031264688754887,74.64322922237233,0
1.8704374855752337,4.824049004514977,70.21448736274345,0
3.2367923640424365,1.8741931363020627,76.5468839206047,0
4.254364386164168,3.5128303823172122,79.75658374528408,0
5.07610378684455,2.9933151388615657,50.49619105639178,0
2.4240973241508024,1.7318699608112456,73.2047579726752,0
1.1483682473920354,2.8376721114576573,98.17496204437941,0
6.1062004244163255,1.3408615469274678,75.95161400647743,1
2.8863055324025577,1.129059534747435,83.87711337294766,0
5.812382214226123,1.6758314457741137,65.59319289584415,0
1.5436271527420231,5.815575557945869,88.69956890763812,0
4.811401018548175,3.747647679475085,88.64607409380575,0
5.325894325515859,5.8291108057661,76.06480238270694,0
0.5182353682242691,3.16248939165066,98.80069116396068,0
3.366042781939206,2.559080665426298,56.27751073813267,0
1.3441467693897424,3.5307093142012205,50.84738324447905,0
0.6337497047276774,3.1975584431645507,88.50791058785481,0
9.899602323899453,1.5283234213087196,90.35777686824413,1
3.2235384497472297,4.204131573451031,56.01036145602881,0
8.09874445854635,2.080190912547998,63.2791416479303,0
2.5464065476376385,4.097939774489148,50.877618168331445,0
6.8150272222392925,4.251005461990767,64.66543053902824,0
7.6022785988968655,1.7601242656432405,88.65709369593358,1
5.956387406078443,1.3067481355533408,75.89802638562895,1
4.715761885501584,4.903807930342199,67.40477965841441,0
4.118409141472686,3.2990021188466008,68.58696474531652,0
3.4886826654299528,1.2908189775273788,50.06768128577341,0
9.29529144247826,5.9743315858488355,64.9900263782618,0
8.306194077877292,1.2889028049818332,82.32293708189653,1
9.650269106665126,4.475176144292766,98.70972219081786,0
1.2429722348554473,5.918394626317068,92.35304134919497,0
7.308674752036443,2.1959005210796283,51.17974823227646,0
9.383404568210379,1.7112468434359809,94.92803023374196,1
1.8123306616566015,1.6069246971121445,89.15992066493129,0
0.664962673667775,2.516375737837978,89.01880617854903,0
7.4112064929005905,1.5052290550532335,72.89978795017858,1
5.744731131799119,4.46080670847066,69.90026464772514,0
8.41828776758272,1.3114589906503133,65.14578644165962,0
1.397723766262895,3.5471106407489486,53.284742947718286,0
7.952673118598902,5.983484269264884,61.41176817468495,0
2.0162732004774453,5.069851347530094,62.33018174890123,0
1.636559428657045,4.076097191155054,74.20385348551008,0
1.6426579793099294,2.5312681039330585,87.3722203298347,0
8.14574720231382,4.119479181458193,73.69049141989733,0
6.651972206962001,3.6352073195582584,52.89222247235803,0
5.230654247691193,3.130416919451857,97.8894900494102,0
3.5883048412350247,1.6535518837009975,97.13621595470562,0
8.772005408131083,5.433021076202333,89.25947715742042,0
3.924451074226354,3.2489232441066127,99.56639507821103,0
8.16599439471577,1.9731125591038254,77.22411664001315,1
4.391349085702184,2.838796754386448,98.13841751266031,0
3.769444294249076,3.0706487626446353,53.78025203083754,0
4.626797856696064,5.137689477834371,68.28403741306857,0
3.0137787416414206,4.668071902807011,61.26906340033829,0
7.476093801762511,4.846524468206699,59.7916542067135,0
5.027203900924792,1.055156322143236,57.0401474446338,0
2.322126951468173,3.0807699908988075,81.12068207829984,0
8.995745732745684,3.4067207581766183,89.06609278736525,0
3.8389122137321143,1.0959613841152835,78.91491997101804,0
5.435528611139886,2.299066043725171,57.34813547941049,0
9.06472110964547,4.801449115610675,90.55618849667354,0
6.242379959139921,1.6855485286449952,81.79773535818643,1
1.1689804070836407,3.6765506572629585,69.40828530634977,0
9.398321236134752,2.0760093600861875,83.70651477680315,1
6.277080530714178,1.0606038732194665,62.995248962141645,0
3.3490561465708613,2.2060072879977075,67.25961042471053,0
1.3927207266338726,5.879368774550269,95.87429215659951,0
7.9402518927029595,5.007685559414948,64.52522528357102,0
6.200727559285135,5.797883221605167,73.49941340789684,0
5.334610919763215,3.4392702196318123,94.50705686980073,0
8.938925830509577,1.5486809933875176,85.38606751337637,1
7.885972112245307,3.739797444868465,53.110161308235135,0
1.5167487973275118,3.2718866727998046,57.36515221394852,0
3.1172206779554825,5.22178541369808,50.392079538595844,0
2.4848913981446574,1.4904129039212228,81.54608951145818,0
7.43946292572677,3.441205685108891,72.38367127052092,0
0.3353243473577938,1.7502433234699213,56.713742545113774,0
5.698896848713165,2.6233796344502998,97.89670605283852,1
7.624586857406905,4.686785386938999,76.482986197281,0
8.767656367617494,3.3800906468438328,62.09466470564446,0
3.4208174871590744,2.8794414257288468,75.03017855773538,0
8.212573046720129,2.9723813928501768,83.98101663675538,1
1.1063173695520723,3.297233842029933,53.81196089867822,0
8.464522917345182,4.925082719185284,63.7351907523946,0
1.2748866233198242,5.460423444701172,90.34827454419968,0
3.9728729056036727,5.776673432519641,72.98324352013306,0
7.972953657795536,4.934516931276475,77.32885710161474,0
1.4991742734877378,2.577034478740064,71.64080011047346,0
2.2925139523264146,4.4406735304327105,52.194997132150256,0
7.222525683930662,3.1880156202769596,58.2874889910078,0
7.200365365460744,2.2733531102302558,72.27708193709455,1
6.411476328852973,5.204357897129613,60.459273270396395,0
6.939484444671001,1.192131744811625,52.49895143298394,0
5.427244433475962,5.508809960677118,92.18248320259119,0
2.5179905890695276,3.307387323123671,99.0596264582058,0
3.4569599350391944,4.186007384041402,89.65714369983698,0
1.8159771680142567,4.296769611028914,92.68924608523335,0
9.084505613336283,5.475588703532682,62.09885651585227,0
5.833917947661204,4.183348410836037,98.03134877565998,0
4.008514167636399,4.069667923800309,59.84628522267142,0
4.620058036441327,1.3332602028034497,97.57149051809162,0
9.472833396118153,3.59204010972602,99.74096469829755,0
1.533514031160802,1.7508450040852082,85.58614028730244,0
5.862298320167972,4.687168843607428,99.0571865895911,0
5.05888678884466,3.5611096040633723,78.47698897835518,0
6.1145423543464785,4.401138896041767,62.97708915880452,0
0.18110183820840509,1.2083645030119214,71.84979428328104,0
8.721239089441514,1.423960080229016,79.6780467689393,1
9.321182824836123,4.5816169403134115,53.65407810135075,0
5.65133183589209,1.3604216799933668,81.1171632308623,1
6.966508238768922,1.356283638826293,99.05889183811473,1
9.224993811772958,1.0605423761744373,59.50538248918638,0
7.072386343133986,5.7825069914974,89.62975581441916,0
1.5253904291426135,4.687541797295035,95.39493968898097,0
5.762883601668132,2.766257042510321,97.18507964101104,1
6.067150463828559,2.4826779064382762,98.00678022027236,1
4.24130671302386,2.748516148729248,76.0729819360736,0
7.3644423562472285,4.873267655905909,98.86539539957519,0
9.343670147690148,4.306853055352072,87.86551035672194,0
9.255685129067764,1.9259778393373397,58.083571811848095,0
4.508393714041321,1.8705466766704217,73.8450053233985,0
1.1323804584075525,1.4919782485669866,85.9165587686002,0
9.848411989623346,4.301513598506691,62.36701579095417,0
8.388980864459342,4.82186331110868,82.03075917744437,0
1.2466268120326685,2.32523214162502,83.33002395233096,0
9.208418826173723,1.104724805154564,58.13498719042829,0
8.698963620621283,1.4108583373821366,78.25426562263782,1
5.188380571260721,5.839300174225152,88.58134554893039,0
5.912754357449293,2.477223887387101,74.9447832267971,1
3.9900270387013026,4.846115739190668,50.60515583880537,0
0.5476163882203133,4.123317844271319,50.45192345396461,0
3.3519724164590095,2.9096981982644796,67.85146719850061,0
8.028534485980114,2.0284363109777757,96.30970342158909,1
0.04632023004602859,1.6069320907970321,61.43383898018044,0
3.334991716911442,4.075064840194333,81.71818444358436,0
3.9816869359094333,4.87316890318894,61.103793534666025,0
5.373956029379229,4.2195212677056535,66.08349948297743,0
9.198556164127606,3.6515106662457915,92.4021044800742,0
3.4634599436596125,1.2097561171581814,86.44307211349735,0
3.469532018962277,5.842443887971919,54.76996386566053,0
7.3750124810974835,4.993570958272873,71.43510104932167,0
4.522179408898071,2.4641101835048236,51.458488182263224,0
2.2460482293998196,5.899851646794254,74.04450733015045,0
4.524395161326934,4.009407948181611,83.1217005850534,0
1.4085702037979986,3.912113291036232,55.92513117990758,0
1.763869865062233,4.740365897147661,64.44424694545829,0
4.983677727394797,5.058848940450687,69.89183127510785,0
4.189254495045479,4.282393036657513,95.97655123280248,0
9.148459010681,1.6404787318310001,99.66275077114821,1
3.623938991166331,2.691337529972492,52.24556494978079,0
5.805883502780435,5.640418201630249,88.0503961747696,0
6.322642879195303,2.1230780592192597,68.58620332011716,0
0.13094456588333636,2.8608351191875667,69.622909311474,0
6.635373720167106,3.16038441472098,87.71324866735114,0
1.7803596686975143,3.197024948472261,95.92132160727044,0
9.610703174694551,4.064697912472628,97.54642972512741,0
1.4866272775311296,5.715379188723538,78.85612930191604,0
4.146241237270237,2.203463559162525,67.85605796502514,0
0.8534966807864386,1.6075068815045903,89.37745429293896,0
9.968742518459473,1.9873524492996866,62.55006916311501,0
5.021950103312426,5.434624501046348,78.20370144167589,0
5.953850173200438,4.22905406327603,67.92892307624366,0
0.6707647738842748,2.4295339461958005,82.8315536853938,0
7.499604703991778,5.079734694843086,62.019945644675346,0
2.0990559309558576,5.30684998181718,59.57964728674129,0
8.980542894407137,5.232571693451391,95.91195433377186,0
2.0513964048200717,5.5946326681977725,55.09018414747685,0
1.9068772066366657,2.2612051008668077,75.29789538674657,0
0.3654966784809488,4.775209643731392,61.04263914815044,0
4.720669451099992,3.3026974863707,51.94649816628337,0
5.648411332626164,5.209992764450307,51.80094091457132,0
0.6570863942835237,4.642453385808066,58.76108860529136,0
7.755276166950106,4.882237232498623,93.33851772530002,0
4.532888347480276,4.280809188405358,64.12393719885134,0
5.243902693275801,1.8871438473485345,97.52295852876479,1
4.407627469382281,3.7251345944846914,79.08111464945968,0
4.00763060875326,5.923348697622541,71.8307094884383,0
5.596403313082179,5.6869403324855945,79.00444173347273,0
1.552402459307125,1.2158686789850583,75.83491926131339,0
1.8192813049527112,1.8240740786471856,87.93881268786626,0
8.617856210135173,1.6586438672728097,64.12480329864262,0
9.461154621336327,4.629899549926478,67.65251958001512,0
3.7330931627975295,5.088926649284725,94.70471512666253,0
2.707446731435538,2.0675568315533597,97.32282565752027,0
6.439995432390157,3.529263464759145,94.62791137432373,0
4.087341710980964,5.203515140056,70.97239969786568,0
0.2538635566034486,4.6640077238312525,89.01827515034408,0
1.5615259736619036,3.7111860274592416,73.81678666505493,0
7.159722288473976,3.9517384522938643,74.87699260730511,0
6.589239419101514,3.5418027345814,60.234005452864196,0
0.2709599250348349,2.4877422565941028,79.55651516292582,0
2.219721619329494,3.8251099642950805,59.306794887667394,0
2.310747965880714,4.444426510250453,66.5782349533597,0
6.718927435987284,5.366614579304039,92.75151008099675,0
0.19710537754364155,4.18145676989624,60.35379046054276,0
1.0410858198457384,4.80560768521579,53.557914258671644,0
7.999160853731894,1.800358174772865,53.45037963064082,0
1.7854466205433361,3.3077873720989492,97.03922602515539,0
6.527461078518747,1.0466580991354664,75.34602189809173,1
2.381827810467265,2.233394322608115,70.47060359085091,0
0.9944139275934516,4.632308575565024,90.54392905039592,0
2.4317219099945406,5.9590497567468175,91.79129639552579,0
7.2226693185565916,1.4958904979360796,66.60955165578022,0
8.556964681062858,3.0074715793064413,84.68090287368976,0
8.302198645669916,5.000354843495797,88.55614079259433,0
3.9718352961845484,2.0201781731444943,82.73253434329773,0
6.680851365706461,3.7754247465114315,57.57975374000497,0
2.0498429541582097,4.665356480148374,93.79415417585285,0
2.9314773026101326,4.079927251300895,76.95472763680044,0
8.963358185211197,1.9401236730770806,64.12362131850018,0
0.13001923510736035,2.776922843428697,71.2614092718847,0
0.8550853085446808,4.918958922426986,51.87855451994537,0
2.078862551460273,3.7711325706600833,56.39334006112088,0
0.26532203873819715,1.0261480677145638,88.27733752579304,0
1.8143543508979731,4.804953800140469,50.00058173776831,0
5.830415609696922,1.1765567747011954,70.82829142411461,1
4.214245505924979,4.728668913656161,76.12550905427942,0
8.926717110769749,2.012402800826187,52.731721000048616,0
8.17443561738441,5.790367400596901,98.65390814861664,0
3.4181735169787597,2.8397037565104224,61.3062665624836,0
2.594234334312925,2.6346580816903957,65.20993598181404,0
3.7969240816726693,1.7444402516622235,65.19712561275136,0
5.902949425148077,2.5280210774510743,61.520833105867496,0
2.6806364082287626,5.383253809141003,50.07369110431557,0
6.24148907849134,5.981671688136236,86.46723970439982,0
4.0941165219124045,2.8415476525342416,98.34227498996427,0
5.520471808519803,3.2430531547727126,61.21467416425225,0
4.361265291353167,4.6103546910136854,83.15235959017113,0
2.9446575954191765,5.430978902325372,87.09481634793576,0
9.484533069621566,3.9652216709339205,92.42126895452623,0
7.636057941597608,2.957628490889147,71.13145985068046,1
1.4011317576645255,3.0631092042431187,65.14654528202146,0
8.684679758979128,4.478090732484034,66.26475670115155,0
4.874311982495136,1.0160913180213935,85.63106665492563,0
8.945522268940914,4.097946687299204,90.8389733252818,0
7.998552559473152,2.7774650522067867,59.08069838783013,0
4.252135044692334,4.9709866563854215,68.54705040788826,0
0.22469308320117398,1.4649531991156608,95.0970098374575,0
2.686773593849461,3.9410113347419524,90.33467598473696,0
5.416342146608669,3.404864449430619,99.2429201381238,0
6.334782198261473,4.211627629526137,87.71241298410403,0
2.578876854332023,1.3242679724148418,69.65976005139612,0
1.3935607407282413,3.899918937140656,79.53189169973189,0
8.34930236799299,3.8074229397976187,83.05071271236602,0
9.84402180703552,3.8033004720808545,53.922790815856196,0
5.256901823026858,4.017438332982274,77.22484795519325,0
1.716792858483035,4.382339686131811,85.46604142363049,0
2.7230732651936895,5.024944998403849,58.366065200053015,0
0.18390676547466733,2.3491036006410715,89.03158587127785,0
9.14298806560499,5.1252470509003105,79.18863902570558,0
1.1775108289014113,3.491278411317268,97.61108928487974,0
5.765164755142536,1.385291395671656,52.12111491034459,0
2.74055220687206,1.292754646219896,63.266306877773346,0
5.541780025157934,2.671191593480304,80.0776939649912,1
6.514203883518642,4.924484885557337,64.82799561029654,0
8.297418037072017,4.538404673704578,85.72120820356211,0
2.064212717606032,4.943074823362032,87.95026412609656,0
0.10995828658480478,3.586345282208047,55.125798203323725,0
1.3688563006880727,3.2009949897774526,75.69272321033839,0
9.00018641848105,1.7372626335314196,75.4445277795528,1
8.738900775625153,2.6409637680465576,68.46403851077706,0
5.974131021703083,3.1700968308693764,96.6462431284836,0
6.005168604336534,1.4430021483980862,91.37531599366106,1
6.650366745462555,2.103059763556056,84.86046909548185,1
1.753712786234496,3.991126470318694,85.71633178674988,0
9.144119459249598,4.678315571195949,73.08580719065596,0
4.187705248920731,5.991737556964749,96.0497260548288,0
3.8313852824949746,5.665566656717789,84.72977136266427,0
5.189177052828375,4.2128259976759574,86.44905308279081,0
0.46965966775055046,3.10624026647036,93.08454518936726,0
1.662833687560794,4.180886823541163,63.70357946710955,0
7.380336164263705,4.92825809040116,90.35354519333515,0
0.8279866792512647,1.5916809546169366,59.7620301478246,0
6.031521094663882,3.049524448481441,67.26709761224438,0
2.4534910968132095,5.199011428178086,66.78052271349213,0
3.8929561404197655,2.91916475966522,98.92627341945703,0
2.8869373677069987,3.8593613561359326,92.82686118739633,0
3.5567271646494913,3.938846804310991,85.05849307951298,0
7.1904590518424545,1.922381265668197,86.35283808076952,1
2.9712171562317504,2.8111772082614417,78.10363972012856,0
5.664046402968972,2.6725564437096607,97.35453335542596,1
4.760504021990997,1.1309835426603239,74.81293764411808,0
6.636711653626481,1.1209588194567761,69.02588549349473,0
9.36829739324758,5.158485218378868,58.15176684657955,0
7.325720972102503,2.365354049864062,89.31028261305289,1
2.149403785907568,3.5903938311940773,86.72219660377957,0
0.3118313506128467,2.4936278679438653,69.21775192620674,0
2.622640442998251,5.703396225576703,51.25967069796147,0
5.9507793070025485,2.2964837943288687,91.94986638590053,1
0.5142581348425035,3.1482840636946756,50.57089917270368,0
4.963662472012364,5.3636512524230096,85.18498898145255,0
5.968428489168892,5.209667833959044,98.51285548630285,0
3.3424389081696084,1.9305070892313867,71.88306640741017,0
7.7091220374582194,5.013216548978552,61.74867024979764,0
1.065982531337718,3.290934433689463,85.24355050216909,0
0.7513778173580876,3.414844360426776,90.85640710077925,0
7.281887562036033,1.6673998620797188,77.32151580389237,1
4.954913162061985,1.4030075687856232,98.35176376280731,0
6.88402396427736,4.6396965348688255,52.583436082898054,0
4.348273386037462,3.482305761776499,75.2397799152264,0
2.464020332391068,3.1842535130758978,85.9226973661275,0
8.191023176741997,4.647541143261984,93.13202355745895,0
7.994158789689792,4.827564494955549,58.9627805953895,0
6.946964708544268,1.7945408383467678,90.00017408818407,1
2.7214513722996267,4.051125747388206,77.63535378592726,0
5.902306668690871,1.6767704113884276,69.82768409949816,0
3.6097389694002677,4.756875430145229,56.58575142895468,0
0.9158207332663415,4.284775781335698,93.26478794544562,0
9.173135754622429,5.78307310541729,57.863660408985766,0
1.368186309189614,1.344790081782106,65.48939296045496,0
9.502373538208024,1.2852736057562715,64.50227659812184,0
4.460057729579558,2.4109353734660006,93.57070170954272,0
