Temperature,Pressure,Conversion_Rate
124.8712332772615,2.666196359547577,30.01464229538663
286.20000579477653,5.877108526405223,80.52975246123697
224.95830370719344,8.856512522887675,69.65095845458659
187.62437557517023,7.590023977686051,63.75597972955587
63.68521932388222,8.259050330753048,32.370937224873686
63.67846569413674,6.929050300396456,14.536275351635801
36.26341140709585,7.230489080660672,29.421153652054308
262.52932081698185,8.642760864087874,80.3689406667128
188.31220328809846,3.2470120797326736,57.90349408281151
218.26032178289273,5.404824672788264,60.708392079783714
25.763658402824685,2.99088497637642,-15.0178625936938
291.5747586053584,9.889012071969823,101.25738758120293
253.08393942411809,9.49653405717952,88.04188782674952
79.45495098991732,1.354841302316553,21.700630376951334
70.91099081798818,7.350176552641196,25.61829269396577
71.35326275896146,9.327234856740992,31.228988433099932
105.18782802867057,2.6251781061460018,17.24347889280874
166.9318008570266,6.111507074973665,47.84476702113185
140.9446052197924,9.239394678292376,54.84572570130218
101.54415925545173,1.3055138072721895,18.573110448579122
191.31881052226626,7.276782405221559,63.96961368095695
59.058280982571716,3.676141066352957,5.98973678171394
101.80050158986108,9.319565758388773,39.86423318048798
122.58131612223367,9.73952420648831,41.28774211693942
147.69959558077005,9.498398402020905,32.907759716186376
239.8492691900438,5.267927949917174,86.23613827654344
75.90865900434072,8.758383858903821,19.805873862773634
163.98564275581126,8.600944586815633,45.39364075000738
185.8760792813719,3.871904259189301,59.70446788631565
33.006115561599366,8.460239267356096,25.61832779644501
190.11255853240274,1.3330687124394336,47.54208372615656
67.74675463244162,6.366428906338477,24.12403934138144
38.21444603587827,3.0700795355893273,17.28753858186387
285.6879504309333,2.0851019719955093,93.67999218790918
290.37696926087665,1.6925788146628824,89.72379573836668
246.35125747260912,7.266598982903258,73.86839834240114
105.29185536854379,4.058874673912595,25.341091741032237
47.34819192178748,7.522900943758853,18.827346878879418
211.58524742340393,1.5882070671904813,53.54828764076035
143.24269824708836,3.837613040475493,15.67811115941818
54.17070575653807,5.855421631378035,23.544520584227115
158.64953483115565,8.116508483550671,60.69246310198398
29.62878591226115,3.8687725263886295,-12.806302318545724
274.609712582059,6.633022387933082,75.60211792148485
92.45839484800473,8.973799734125684,38.41596093151623
205.50623961911495,6.542768693640741,85.49821092967184
107.27910130503507,3.096635272782704,33.93998510465595
165.61904592978703,1.2196070340088423,43.01548788364919
173.0788782161183,8.830889865108368,54.510143986341276
71.75924754714757,1.1914246976534844,35.87225080445286
291.4836957740764,8.872315054157795,85.42162446805645
237.03719054111207,5.760434206244907,65.99945419895353
283.059703637973,9.451609286616065,84.8162805128796
270.55165811974166,8.189049121962988,75.72673591431686
187.41199406710385,9.981406994800038,62.44100487747912
278.1247858064727,4.156406339065391,101.7624234961701
44.77790057453746,7.904694600380142,20.6165102037116
74.87520147736066,4.617378222483179,22.24771453318691
32.66364089495066,5.318880582735179,9.540419870697347
111.09249261371401,6.64754916896533,21.019614281630297
128.82964111305498,8.863094027677048,51.91153711922661
95.97772889669085,9.856751222793656,32.94332231027606
252.0465025625402,7.914460724780664,77.76638199524615
119.890931474205,4.759901039506004,70.27830564046312
98.66166271246661,4.792213020493632,34.982134407643656
171.95490328430958,7.638240714300023,47.88768084149104
59.45878299293354,3.148994311914721,15.148556091781987
244.61515461113112,1.994267018182552,85.86613698439814
40.87418023033583,4.191599418766989,15.490757883861889
296.32834224814485,3.5851509248867357,76.30829835371316
236.2285354030641,3.6667730841039106,81.89423650872321
75.64039082956828,3.1024697594491895,17.561911273205137
21.54619279460867,1.378838706727257,25.886254953921686
248.32919996735356,1.1608654126007243,85.8796733536529
217.9200562773328,9.889501507624283,65.84754868042447
224.12200705147646,4.849958203622761,82.47174483460543
235.9556970720648,4.458939824437135,73.69473413911203
40.732502485545304,7.116825544237629,24.305900269004603
120.37040399239633,2.9642849907855773,42.44059186605644
52.44333666703632,9.549650655552028,12.044259777978175
261.6689592451662,8.077105129739968,76.10374201524523
194.5234755117162,1.8046990208103355,69.55900033973164
112.65144695874177,4.758226982064356,32.8267942575893
37.79633808008662,8.912064768059482,11.75844917563576
107.07505008038541,9.502588200622693,27.32258333093344
111.05133016748917,5.2066136012488275,40.15469650680578
224.28972993465794,6.520702502896369,91.17251942427701
198.51609197945967,2.503305514828677,50.13115120870951
268.4195679213714,9.92051763523279,85.72832376075539
152.22017904534582,3.0850453124509905,61.33078192398353
53.486388862724475,9.48458596721613,19.991795729968256
219.7085404224386,6.846819840931316,73.85969000969457
233.0198136127313,6.469631153909732,62.51682437930547
177.15761531945896,5.614196599148578,60.237453867488455
235.8708103872771,3.076028305459828,70.42781461886756
158.2627669820294,2.5887522880495744,58.63050619543223
166.36519222695833,2.9843758816315784,63.27560612455079
139.7114851403939,2.6779443592982908,69.14805414195345
27.117355488346654,8.01626026210078,17.939668509690144
50.20959955812525,4.151127332500571,20.396406699509523
28.80017199228559,1.5205840890705673,11.344186657994321
198.19491515385852,9.721923671267302,60.78777345368432
108.01967470137147,8.954072964670832,40.26777732736377
162.39979352611678,9.349770548756917,50.4408092308232
274.118612699306,9.954170403817917,88.89727877439691
89.80182416168499,2.5650572429753855,41.399051226072785
134.9072184499763,4.566178170123929,32.68982896725844
231.55431879205364,7.824146281336822,84.77715438957495
84.0634863376543,7.26418556248413,42.022289355937005
41.55437475206204,2.3850631570586955,12.478158734237171
101.13040681585505,8.34249812491556,13.291822117128351
65.14196043112123,3.019965146529946,14.97435083165702
280.31534265592046,3.0143585334036076,98.57172752908902
246.27370627803674,5.832769806040722,76.56981616344255
197.35305182291856,6.336459413575328,52.38112293071412
264.008965252561,6.220775870540301,77.26532829875627
245.02818153175204,1.8233815365797938,82.82634549286104
72.23961648809004,8.897147763673424,31.587794510277515
269.91651957719375,3.3904003832983545,80.28083507311035
171.0158277363822,2.1656342915452376,48.71932134854039
246.0832434459375,8.998732718820795,74.40675790275343
270.90556397857813,9.60086348406778,76.8479990906223
109.04097299212188,8.759148555389055,53.24562307002551
50.81453886774949,8.285644672523903,16.1639793044734
83.82184551174367,6.8971778257511955,40.76672777465366
139.59018081535177,5.957716335482254,60.06907293157117
249.04413445829806,1.7828808392026914,85.58778973857036
261.00456331177617,4.676078917636288,76.3232053251705
21.946596548733396,4.354196653110826,12.798378194541527
163.0092447217184,3.337784053842936,50.32970937952783
136.8750808816581,7.510781023197264,35.78089616879478
82.19018693180448,5.4628816157089375,30.63208970461184
53.562302853431184,1.7294159431688314,5.1430009160157475
114.53224799301583,2.981648817548302,47.72729269129454
284.0147170955054,7.149328872936364,84.13290659213585
110.49682096581147,1.6851777354127018,36.003231716178185
165.2613740881425,8.660862226438919,56.74172205512363
216.84530849064978,5.4563187431257685,65.19270218171705
121.81628866620231,5.325279195939832,45.07446421258335
292.098983161869,6.331670061935658,86.04649341330328
289.48524258379115,8.422128693326343,99.76961009637296
90.49904283110196,4.1302828711197375,15.755057482422972
159.22958164986792,7.102145373031572,52.583742976940286
104.24592674869551,6.09158767596212,53.70886185317256
99.75533842569094,3.403254431524792,21.62491549741393
30.328345259269184,8.907669877196422,6.774888811130452
190.67801351437112,8.176834194462353,66.43089964813166
160.7501265040812,6.926066511925829,53.48388902658325
34.41405034999702,8.655235561848176,18.158133878658784
98.0210099862512,8.805647808638222,38.700998201671105
274.31444807066305,7.3752667904353135,92.32918250203427
87.07732938675228,8.533119955273047,41.48675721322444
60.570564185542466,7.277243155023553,25.907977402459643
157.04677287771764,7.121266945842704,48.262088790051216
295.9821271509682,6.5675024039366585,98.8041263592861
87.77547602322012,7.774449756018771,49.218687033927566
208.197953273646,2.427445947637663,62.34677149208689
233.25349229204093,8.927836832790355,64.69467305730103
86.5385123178719,8.846591749707088,41.45565626308484
223.90057761132067,1.2632255473110323,66.59797441751573
122.9792771613909,8.432350755082863,19.38326306581834
197.04563256620224,2.1598288072610066,68.66782094499538
197.3883190130505,4.016069688332277,55.87124868854206
170.01691154093237,7.69157430662447,53.94552779255034
45.28113561523433,2.4468390644347737,18.127563522477836
253.88469876498664,8.36170321707156,82.25125803582242
109.81841819208603,8.489207601619677,44.284647429826045
72.22518291195918,5.567209603847526,20.09629596981308
31.417039635333897,1.0574728454515023,15.084906295086748
185.4500240927077,3.583343198574215,54.831212051260245
209.71802131583908,6.55234226538168,73.57968233631759
24.644592099799723,9.830675602246812,18.462390271193858
163.38605632379867,6.686321743150016,43.004590748268654
83.41881705542262,3.338232229577438,37.55458239316582
200.64838131464597,6.706051327896502,58.187905607201564
68.8226001213976,5.8598684174427,31.65729222795208
213.46256666869047,8.018608556360292,71.72094741280068
128.28589696415048,1.9628257494426258,57.84901873191768
282.2843968462857,7.849251122518252,86.37528479142631
58.50586436087811,5.871399208084992,16.994290951123954
115.49857829407239,9.666928034730951,39.28884144670987
51.77258594736494,4.076849494348175,14.53840270304082
278.9142131179976,6.693597038205533,95.02048147392253
265.65501894667466,9.388252949590157,68.2275260744316
92.22365576024357,1.9225875519161133,18.091566312567586
204.79553288957013,9.43505638512806,55.478158843643136
248.82221605634044,7.19097150070732,87.74522648699156
175.45622724784945,1.610533531946547,70.54826866614737
168.3021619396818,3.708672102521346,51.3004924477905
87.71864145212648,7.373548797807534,28.314149602641603
46.06877498565178,1.6061554132189453,15.32423183343682
271.2204122269315,6.23953414158646,96.10467376495458
272.11705600573254,4.112947512576611,74.41805921610234
197.268408036515,6.588239659907294,64.858332068256
114.9283414936362,1.4116783043126158,44.936317898071465
117.77868089154505,8.843831255371386,44.76646159454766
223.26759008366702,9.761400722596573,73.75679355238583
271.19087278672157,9.719900697571223,96.22767311047349
268.3841987942328,7.746866485686322,57.35636995112063
238.36515284013467,2.170776161175688,79.37368712793733
199.76886092320058,7.824368763361203,57.30208582736654
43.55919019861367,1.2212822481292136,-4.6279307849158595
65.25603994649185,1.1991119637609753,25.28839396107785
271.5951727875822,3.912491972345871,97.17138327407717
189.80013670468517,5.397788713641992,58.26445022194962
22.575174452656302,7.933666760270139,20.268131187961345
48.41203200248899,7.149658389458547,34.221221375362425
205.78049535025562,5.013124357390735,77.38985531961252
21.41724347694123,3.462639996534993,24.556138335063796
65.02625439689962,9.9741205014194,31.916211480498504
173.64546102264413,4.835631720123756,55.26579055587104
213.73065535395412,5.062483218967079,50.630780096698096
202.54915266072814,2.4726143907250226,59.54042811228147
82.79540664895674,8.153285938749365,20.48279901089979
219.41018197731003,7.243140032033398,91.15405178418786
86.42974449910402,2.9869265150988435,25.663528482957258
111.11191548459496,1.7414294105425843,35.43633741849463
229.01759343304676,7.124493718672418,77.78237864965492
201.8972117332201,6.890600928530217,64.45048844795566
257.7825549383698,3.459335742983884,96.01494475731042
204.13160984409615,9.557772060253694,59.79187536601117
179.12640893393205,2.3595210260281023,56.8637577455661
46.22893499186589,4.891013209383417,8.889481245270995
122.96042485664138,9.49254328150839,28.43417398553955
94.25666295088313,4.777545852335101,24.548080902379635
88.3171001461434,6.74673352897677,29.498128837847283
292.44295533068475,4.578349581665148,85.72903914486541
130.06736290669292,3.4679368211380304,33.82996748383833
269.7730354495917,9.855798831638454,71.7966354139784
196.7188152792336,4.684006056835387,60.52659188590083
242.54716499166156,9.04689283311221,62.24039217374455
160.73838606945378,3.0695914530197754,57.35687118424204
181.53308769538054,2.9179423362257495,56.743295006072074
157.9049542692819,1.2802067459606024,33.43607465911556
74.66803658345246,6.865001428382966,22.740820918728588
222.2865922732215,4.316737093513851,61.32278217281753
98.61626148343962,8.779224248556734,37.16623567350205
26.808470600807077,5.258889160224014,24.076490220585576
200.73224285400698,9.713740851232496,46.3248185853609
69.5909902339737,2.6697296413280904,23.362422682330326
283.328403618816,8.817608511600497,87.80599738577865
287.1000015607245,7.989371675125676,96.83808707028484
276.1620292617256,7.938296601796468,88.9497233617928
123.64443607152442,8.60304905305199,33.875162030595135
24.32785262808288,7.84921591848699,8.032424391002177
279.9291975245631,6.635982894682739,79.33649213667542
139.891561528848,2.1812038991414884,53.81814179421113
290.6633493322275,1.2927356154212672,88.0584890940983
289.81359358499077,9.287630630341182,110.5998002481979
258.8426475308608,6.549852830686643,80.32111253645535
102.445689779484,8.168835618785586,27.73405707413336
127.82736400853908,5.33370116361295,25.87791585823992
258.31826802471994,2.0557737006615504,60.4919704951873
108.73816144375775,2.126672129822954,17.843425067983897
67.4579690721059,7.170087585060743,26.493701024276973
175.90435348833805,4.872753054095164,60.29493280584834
282.1233367650187,2.8047225403030307,70.22745527933579
214.88834306899244,5.424350920672932,76.12906152179536
179.6171276250222,1.577880433676207,49.843467987510365
47.20941825581519,6.237742617229589,18.749626905214846
192.20202347576753,3.4209406399158793,75.49328364524244
297.2150780291937,8.178031905734693,102.22193252028077
59.223524266226725,3.793257630312164,16.978379615965775
165.1323026618463,5.09698134173621,43.17625921526911
265.6644601398275,1.1045848591729057,58.73347645824166
227.41521297117725,1.65202199015103,61.85904169400449
215.16440747867503,4.532442007660164,64.70424085915565
216.6955435163906,5.319449512454112,57.79659253963239
120.65752234153145,6.400184933073733,38.08477949807325
102.20571639405814,3.624963208383729,33.24271535199699
246.62112353398382,7.254836975138883,75.36519572968379
246.83175051017062,8.74110157470284,71.920050132168
262.78024920242905,8.018658900040148,84.52995093041606
275.70735471581196,1.3565694281352143,87.80989762450528
163.17587168106257,5.32456252532046,40.71105199255054
160.4245625124159,1.9443716057635738,63.208878354069256
243.52265011069704,3.178405142762747,73.66011628174788
201.98990061777425,9.879963339404318,65.7254480844829
216.55072563215694,2.282459886113619,73.18859186526946
242.8219474421083,5.489993381062204,77.9237422357986
269.20149570891857,6.563401608863072,93.57351585623955
114.63864391843002,7.322184734896935,40.92392719499571
125.16322673918432,6.036838151382227,34.443013351042026
46.314943155443316,1.087937626772653,18.05348701208034
181.91843947892872,3.938151774195927,45.10734565756996
30.063836663087784,5.6594047904624025,12.934450451922768
150.36744507708883,1.7907984923035003,45.67333286283378
171.94049771812146,4.155642380882627,51.578801933152356
100.23155059591963,1.298827979122299,29.43350405394773
185.43331295932302,1.7072064743951867,37.66510667001811
28.54006998293384,4.5723094858143645,5.36092666037772
30.45749284978004,2.194441786387543,11.16291775953893
250.32815698470432,6.107867634354023,79.7509448325623
120.85337959515361,7.2051847222353915,29.581854830404197
55.57694354252774,8.205280291981746,33.432801617396194
166.2281128153452,2.8013521982032907,42.6073614615602
235.59819486761103,2.507343240331628,81.62770208571649
80.4298876991161,1.9411105630096022,29.371465209956476
194.40933322932008,6.72787224589273,55.22446299330436
43.897290198255035,7.35828153838211,34.60143675476268
34.47088192721016,1.2842753034307783,-0.9529660876863648
168.77929683908144,9.42591021619321,64.53828589592105
171.37783405082982,1.4677415528632518,62.153044172110356
198.48037241949783,5.871667017709634,55.77374314393772
223.30557344234523,7.381544675058247,84.60709737087598
293.2385822495097,8.83872211371477,89.89047058572076
164.5640975243347,7.4267823891918505,55.96955674469491
110.42781242354887,8.215552747628127,39.839338488590926
242.65213453523702,4.0550517328852544,73.48007881230825
95.83303035338078,8.33342602371861,41.02470484947136
142.91199779757812,1.7210336174620764,51.669003353526605
41.96778677583447,9.05334990454475,-0.3683087473590909
27.098208156328102,5.928331385383626,24.13703056837177
289.541556109819,8.355679929662443,74.41538691742018
254.07443374341764,5.070864560664702,89.08322444677421
214.87277770623544,6.792199256768725,79.12498430853083
134.50682443599555,5.737623948425019,32.31119500285919
68.52240961983682,7.584305695797987,20.24073285430419
63.80237194790409,1.7346698382753063,8.950999818649525
90.06801148608669,1.5431687559150742,25.64277752089619
173.78346611771374,3.223929106091318,50.66666154650237
220.08685835601744,2.435902121018695,75.04061389000798
204.85526548096476,8.846052099329816,78.98269315515041
98.381491144864,2.9729258862223986,44.95774839446996
287.36227858569436,9.782787302372181,85.47839696111137
226.61113667481519,4.032062125939961,67.90715332796925
175.2191347031922,2.6390612411982937,37.0508891093473
191.28180894561862,8.107286564282312,53.37948530086486
137.48801747978118,6.928369979507885,54.359106564662866
89.36467706032408,5.483761448078251,45.70711207761867
119.67235002235324,5.998271958438681,26.55735226712609
232.19691093002336,7.472816004450374,67.47083868970326
24.030176816331643,3.0560926719816885,8.473041811301067
52.500339341936545,9.967005244510677,23.535216013032365
32.88073976609077,9.773138459321048,6.654755960271293
31.40406464931164,6.852931177122432,17.088295427995604
259.52896352308204,2.7958820583623063,74.5182366153966
217.02420062640664,7.122054181881622,68.52376457008002
152.76867214445105,1.6497856808125826,52.1183369637786
47.39356498228042,1.2758725198522547,14.920228452719629
157.65244503271305,3.3191459966009234,44.59144760284869
152.57209581855838,5.163606610653847,47.257334011636125
68.49652357480426,8.814452548675424,24.072553754725636
141.47846178663244,7.544521627896772,42.51568905111684
131.58132563126458,7.684358690799829,40.72861640810826
192.43802745462062,4.829440010032679,76.1325999464497
197.82622224294028,4.113414932922666,67.01376861875579
32.68512273617247,4.339348866861425,9.020408073990849
124.89153209541195,9.88884607362452,49.381426710543195
195.24077639998617,1.3609827227123423,55.914529383791916
160.87815240242455,8.803283465102037,64.3963338291448
259.8171555327302,6.208078677151541,84.74560792037578
204.4342168533046,4.947538772706314,62.73101300230224
65.62163958280031,7.527318943736229,27.92732060481098
39.75924927212036,5.380020472822325,-1.0909765026377247
199.87739789776836,8.860809142734945,53.12594925159993
27.423166951654107,9.106316776101327,0.8408584095563398
184.01716275656972,4.795488341861098,59.03232394553853
283.2644675989881,3.4914501751154643,104.05021536210508
181.1327698052461,6.33115295734026,79.81840888217029
128.68757933782612,9.211270110550219,49.592419871030515
200.12070116385888,2.895959701050999,66.49263494912773
148.31080933762465,6.606699252071345,29.78601508579568
172.77270100846178,6.684041980832685,49.74709329561466
283.61014645742705,7.5980172017375285,81.00421501901448
128.10873858421678,2.1841091661453382,33.31620017582654
289.133357870696,7.442424682138797,88.7797815164303
273.49817974769786,9.181292685990769,81.91919449033347
74.821517741003,2.6171479798321777,3.9620312084591127
39.42116424504633,3.1378899243148988,20.874396796846685
48.217840385679466,9.742555846374756,8.60919978149315
25.102111182433923,2.628792574385408,11.237498283034377
46.44402901165995,8.689465840326212,39.01876832116082
211.24189655657992,5.430500708032313,56.893973405125905
39.932821568864114,3.2250796696285935,-11.710488921989764
109.31317648225317,8.836749111452603,34.35228528160115
256.5650870714473,5.007747295023989,90.4829961189319
26.51614200603124,5.633356185367211,30.354995236698915
248.05117512490202,4.233100324597891,64.23640675524538
98.91933693655199,6.3365576629143465,37.811072144787985
53.08615173406375,2.4717148532652047,12.508598379051193
215.08640630196217,4.519733829865847,65.72630526248022
196.10399709836753,9.724710901017588,90.13698805018939
265.6921637875748,3.3232008943101476,66.33954629947598
225.81989226508801,6.910629980871629,73.73867928490795
244.9746605077576,3.926710578022254,80.13268515899273
98.96968031996582,7.961258131179406,44.52939641097292
69.68307225832238,2.177862946465148,22.97368468543824
230.17213045944033,9.728389405706903,76.99633923572657
245.91372699483392,5.084105872452753,72.39968536045865
297.3414397601885,3.1244541701181756,93.45592842556673
135.5329495351994,1.6614707259701138,38.05869746857078
124.16506402197929,2.5278211457878665,44.72914867804823
237.3956290077591,5.677965537004159,70.36156811039346
115.424991270845,4.033028587881577,40.41501561421615
280.6120511689981,8.459950292943486,88.12096236032139
260.3555705160433,4.877987712956253,91.80616751901279
140.11832766500513,3.238428453288669,43.140775290261004
230.24389898161925,6.554304879436271,54.619997452135095
231.27200474371105,7.360994951969012,85.68131390623773
48.87468327406113,2.5033771711085486,6.8567705591464225
272.71481387027865,2.508572946594859,76.53106724789282
161.4706642854,1.3300428424018866,43.14960776638602
251.40809051016765,7.627618135590764,92.98061715255385
109.61388828857129,6.974240748596245,15.014544721082551
270.7465039789361,5.2716778817483245,115.23727547115494
128.97647004556566,8.597534040722774,53.5522761246916
23.03454241448354,8.251031376550479,13.268267553911897
273.50695339739383,6.26818927957077,84.63724065284067
45.5602695001174,8.814441524619328,20.930842360921453
109.40781852531616,2.8525708903309144,39.45985528655368
286.0173507742254,2.007276574579551,93.26099937905798
286.17000114251573,3.4277465036529065,93.12091825461566
180.5626086745201,1.5137817048038338,55.821480267310434
196.9144194075438,5.780525752009288,59.991204495194516
145.56474615392955,9.429451230654653,46.871416624971076
102.09901607545807,1.3540918660165868,29.357667952118902
112.02607270357647,2.098989226090241,45.995017392788704
208.30516770157075,5.069791254550918,70.9620131605553
230.6648682425504,9.404875157751144,44.49801170499788
241.6421322432376,3.8454049447907543,80.97434991066426
241.0930799824751,5.565113278195532,77.05784258102804
45.537708853633305,1.3741557314535289,14.161302957357783
158.43768531672282,2.3350888086587998,44.81366546845739
36.1164528046604,9.879671106629623,27.015898594573066
173.86808705064595,9.68606826792441,66.47872487038457
143.62854038454557,1.0444598284096864,35.88201535133243
268.55717117232393,9.566306068809151,89.4208272573471
118.25620351458203,6.752079440339504,29.1363334291315
52.77876459972964,8.811264650680199,6.443080057369688
60.03767097479404,5.092658700704732,14.290458396890926
233.22297688089222,5.640364257213252,81.41100991670189
193.1010577285531,5.399619222312282,70.16137738348293
48.31434931438127,7.001778317914939,23.126048154244778
43.54990571219928,2.256861292806816,21.444360228543164
216.2713568085536,1.2697623088541015,70.67807106814271
40.373641781974186,3.7713694743207182,7.582961319523092
250.12081660129974,7.342126864629821,83.02653385944424
217.74782360381894,2.816681069106535,74.73678286797576
42.777658579731934,7.060891899924256,23.906656822017453
43.754559943853735,9.729208414965434,29.880105905385264
296.25908198032914,1.8451064421047656,96.88331628716176
124.79582281171369,7.053419064026136,44.479938450942996
123.77980117872946,4.993751973741141,50.33231872365368
247.5838788321007,8.813280289397548,78.41659120183839
285.22960166748044,2.594348105026473,78.04730804048019
296.08029787040385,7.23363357003548,90.81023650670126
230.94589187250367,8.543037606832993,66.1062599171031
125.35268394865642,9.501527975266209,35.604786422486214
43.38020067562725,7.1492322546068126,15.143489622836404
237.6011364596823,5.474572876075846,66.093428165943
176.3531899260254,6.560625161810925,53.10665426232268
138.78216258915336,8.820144860308464,27.10857453736238
273.7792278265261,6.1354877197494675,87.33444928156194
51.13529504572237,1.2734835372715319,15.989385035974719
157.93502920144056,9.3785382595628,43.89889157953166
23.17902053487734,7.20574075928405,17.149033224429274
151.22497975835535,7.088620471995219,58.28750553976979
35.76491719091446,2.9410763715794546,-3.8755853006256746
53.26901655506014,6.929969232093915,11.818441796902857
52.90734909758937,4.544779650887426,10.453171056847541
201.7788845924978,6.861096793373429,54.56518276334741
228.89256619431853,1.9593372727719165,77.942186913999
183.34325422720468,6.920607741427324,56.52501875114703
289.40831357287175,9.994723531936,89.17470742472341
124.96376226663713,1.4339083497450043,18.16745921079611
99.999384158921,9.794567657991855,41.251279378764494
263.2077558930489,4.662171646505835,68.90082864263286
82.60683478544674,8.836781053035333,29.799767264814967
289.7023110433712,8.04146935652446,93.7051973708555
23.403252913148577,6.10314634888001,23.679135006771087
291.56607147813895,7.646042883261939,78.20463889388154
32.08477534616131,8.906640051712131,-16.116368928503796
269.52007183545993,4.637262894859297,85.01314844560457
167.75631054416397,3.943298454069148,70.30365420539229
298.0301429134041,7.0083404700722625,105.30267663845174
40.66303812591168,8.270613477471327,18.430812329255424
175.0791996323698,7.860566212989542,51.53768113988524
291.40470997334774,8.18032283972771,99.58280037824129
166.46739636764167,4.920249833316397,42.664881829906015
196.2316186778735,8.360507945575195,67.81331726971183
214.80963291569282,2.081881498335476,70.53853221554185
147.2714981349765,5.900401881647646,57.733749456305574
195.71626242353776,1.0518279444830942,86.83739308841365
183.60800733846807,3.9212724691024325,60.967198107879305
272.3242429374769,4.298153813842581,78.75671353108939
32.724986495608206,4.565554224483298,11.844529939004165
98.66969308582449,7.25920486020876,15.539751306960547
286.11521554143644,4.4970229114331115,81.1359448072569
269.2738594894566,5.038242603602776,79.20845476750732
147.58389077999962,3.1378971778689473,40.60323184358844
193.63712738443027,4.35926612466406,61.79431999799833
97.66673123471715,3.045426645368363,22.59853336927732
72.67392472265317,1.6587633139159927,33.84186574699866
149.835553383195,6.431037340432401,48.168255334356665
118.93862384729479,7.013915186995146,39.09554153629975
183.4237113182442,6.575413114086531,55.03587278738735
41.765698350195755,5.171446394205152,16.667339540751094
292.8305461465266,4.418072021613068,98.30918250144086
296.1390084542888,8.770002846146427,84.55540180225086
215.48527992552863,5.671736066225963,60.90028712001901
170.10698257635372,5.312636898667579,50.65115293447325
106.66773256017177,1.2307785922579213,19.156999829448345
247.86260551794564,4.071230448635407,68.20181828248643
211.7247283150862,4.421760569072713,60.96609004361562
65.53274301656957,4.589405028072104,30.69841722613419
275.0596116582759,6.221551323045991,88.25427244902502
250.31042801848733,5.802422920541906,79.9302389794926
285.94397572173875,6.471145835141002,97.52774525577183
223.2014623487408,7.883949353879155,69.52869549756785
191.75625486202117,8.316871648444842,65.58996078211766
137.10805016137328,7.46310768603845,43.83175136210625
281.16397533912374,9.599713263594412,91.8026727275306
262.49788906011435,1.1640932440872547,73.5038267639621
32.661227629733034,2.7620018711519148,-13.208802358268422
27.38275285923056,1.068065874803279,7.406067173307765
125.40974272585389,6.827272427391427,55.26404039245128
246.9549326189132,9.082274940549881,87.88977127836483
296.4373162081844,3.1913406691866935,100.18084004296038
62.11672950898789,9.34331090316676,35.667981522341925
186.35660029859784,1.5424065126060476,57.56475925549675
126.64943985668603,9.409924241249628,44.67295115168658
291.5760313880889,4.16460418515671,83.37859255466152
255.79329847799843,1.9127874560429485,74.53365471115049
254.7320373191186,5.372845832676931,85.26374560978547
151.23408474259168,3.3109891094845714,59.06456434920795
136.14946065454626,3.5638561176573056,41.232303498382535
96.55398014059774,3.765609684336579,26.347106235833497
35.78513906225959,8.22723308049397,14.854437847490834
262.1222653514149,5.85245149007729,87.57497283975428
247.61228255642172,3.8017692924040327,61.74602125179311
299.92094852011655,6.493004049798265,70.26097704956172
299.0583143806935,7.445356068008742,87.93480385329659
175.52087756873567,3.453616006601804,42.175947014780014
235.31647625054293,4.7219419137281635,67.87451185555385
284.53440436707984,2.096974840032528,84.93100554196549
257.90126938967524,2.630344145812123,74.1530687995785
89.25746848809534,7.130060685684845,44.86694623397848
146.1523578868262,2.6329451292606425,48.42962757670138
56.164636242418595,5.726470453003541,22.717369695335634
287.13428763244224,7.381416355501894,96.05306590791764
189.72889764624642,1.9618923078526946,46.51128426999258
84.01998554096956,6.105809976660132,38.65001852482362
208.0761916336399,3.309065053312274,63.3197471513935
193.07590732821083,9.666341877138219,69.46074930944448
120.28556104919534,5.351910820479323,28.043051394596702
51.796125815896126,8.253932947976423,4.128216558596407
208.04049476598388,5.952038879406356,73.56706444974861
165.68615625306214,1.3907127956933725,54.165298534740494
236.249149685979,6.698362380346201,65.2034105523917
165.64578031135815,9.562630079859913,45.778418320590454
258.61082008919124,6.414506381316981,92.04484706156356
174.53391485685594,8.372699734841111,44.65240539580405
177.06263202990814,8.95785817013567,74.0244482265999
265.4630087443366,3.0527179475403923,72.15905425059249
132.97520253947118,2.90840355917404,47.7306817975122
57.524263966179404,6.498828899658926,17.22050888219344
28.05914936773491,4.699256228260342,16.799247235274073
231.43843158861333,8.558751725800484,68.26976531834231
193.6866743789701,9.1002081105821,61.02817730825914
217.1423350677826,4.180792413724463,67.64228848115422
79.629965222495,3.1318350307703384,15.433032524318943
58.184013164295536,8.024729637194756,28.87581222208729
24.07250638700694,3.4732543199332246,3.8262434113528423
118.16451646584716,8.403528866623105,37.36512021966551
185.17695231929727,4.813644282838865,48.01641409112349
129.82833262792505,7.0079490936232345,16.829137747236025
142.49297816664415,1.8598178245120136,41.76752473624755
273.16443445824956,6.614733922089157,109.38285151464859
117.5115307665241,5.065909108635062,45.632456663255
163.91705696474702,6.279476168579267,52.12225137636979
239.42284356752006,2.5121278697037708,70.45400871302523
131.03197904995565,7.631863704497639,43.350184495355975
194.1842760638046,8.765173697889058,68.10906081983799
261.46183844908865,2.9506582008169806,68.10575248204663
285.8657746241398,1.8614309996814555,97.8336648337714
61.180574660130624,1.2127472744170276,26.11435918966014
279.44453504521846,6.777743503989394,94.40408952263958
157.7925620622707,6.463846324799027,54.954449169177984
92.30842872370833,5.92027671442663,30.84883355126571
148.55801174671316,3.087523865043779,52.839777816204034
294.4091210799336,4.518153963149632,96.49995464296867
157.93306631800348,6.350287016675558,47.01465629432858
112.0504508805023,5.470901729732525,30.614568400047936
197.35223920868322,9.890069681933985,65.16926955619184
87.24077325789406,2.227957773010598,42.77641237882539
41.241731870425895,7.256300986428344,3.6095992978029336
56.086322134981785,4.638868912938629,4.4700784394394475
55.852834908176284,4.853796534330533,20.830357151983318
62.53275418344242,7.458379890923586,22.9978932190547
58.871608341834836,7.231925361919327,23.010861827214192
199.44492854490008,9.921303943319694,67.23366251421487
70.92642363176056,2.155548605087127,20.123678845723678
116.7868393306817,1.936986844457497,50.90317960745408
271.1007547736833,7.51904935415867,69.08071132441918
152.70925927360426,6.205482253057681,40.630548660807655
206.9161667858876,3.4674459990382527,62.776025433794935
68.24956393645635,1.7147743209008794,4.900368229845675
73.84092526642782,1.770924246367875,21.279195658791572
31.44321255461408,9.047717871977065,30.571524359652937
67.30181766020607,2.726805922468686,21.76281314225578
98.00529492894842,3.9103440590396867,33.6637695653912
69.56293559748912,3.039907620042892,9.787186837542375
44.83670945197557,4.194966752487436,9.384882131441614
53.77804390816823,1.6248145847148403,13.193856661568518
149.01805504916322,5.671538118174434,44.36403460627385
77.7734411536219,1.6085130723299341,36.95272683228922
121.99556109346113,8.203208570401253,46.27718322049021
160.95683583935994,3.103408737193897,38.72417555103461
213.3105520162223,5.860107231440596,69.38826700490704
31.007399155507702,8.920711788053124,18.744793125646723
243.83491169453194,6.8578963214247475,87.98091205428463
195.81210905745417,5.796620078962018,77.44734962240099
42.892528945684134,3.9190037780383804,4.676318654445744
264.60201474989765,3.9970172175237813,73.2705379216278
277.8442721489077,7.025382596783711,74.290194353918
37.10182875936185,9.947254250990508,13.763977162233994
97.52574148121704,6.9565527086444074,37.39958254315066
245.73635834205717,6.020050756330225,86.60427804667329
229.51271330742435,7.575854592153215,71.88223105187868
71.66588541978565,5.186850510553463,20.894715648663986
78.61781053427889,1.541281083407067,25.873563624474603
123.73218878158696,6.0606713429011885,31.79856328962645
155.66643585348598,9.618627560548422,72.40463175326774
193.11133602848287,2.577726481218937,43.145653777973735
123.29581907953627,7.210044017385991,42.441173521511125
149.5097205172814,2.8084031979315083,66.49317994644657
229.29186267745183,5.822449160257731,71.76678182896438
30.271296809367414,1.8700880468204766,8.116042716205518
90.6823444163258,5.053338426323666,26.1569183099553
219.7378840476747,7.805469960057215,68.02018337670694
270.65791455241583,4.128143718150839,96.98993097156547
163.2696837923865,6.984205520384962,30.354388784613363
168.99177587428838,8.159049647107562,70.11139459880356
50.0081631751373,9.344600375315075,5.4351776156972775
145.2754627105673,3.111778736699082,42.47200488917558
169.1328346074065,4.593843242283773,48.744327800377214
87.8917410177243,2.371744119973757,33.43892706301136
95.38810466582667,9.932351519425376,17.60136364062322
125.63956566929434,9.343008711318658,46.98510071726706
25.619935377763383,5.859614172525037,30.858883932460056
110.18216636328992,8.578299649387791,23.712059687752763
79.2054419590325,5.6886217954483795,28.503005161537892
111.6992586098161,6.612271192024838,30.196091400991154
53.53339690939034,1.8021198890441497,21.219951079269535
269.3476386071706,7.797433784471272,84.89448624854434
186.20588699513362,2.1494213527171135,50.521607684455546
210.14864936045709,8.434608672272756,72.14062199298424
240.9679468100547,8.038252789033473,94.35299153540058
159.56381570013605,7.378702279686788,49.64945793261122
44.33768066447863,1.325443424722859,21.161605333186838
170.38983170919337,3.7281552035079573,40.04829753580035
184.31551304584616,3.368013129197586,47.41429671017256
228.7230527716124,4.241227667243672,75.46159244390932
140.86467294431023,1.7887847208745469,57.99495452908999
55.72248478275785,9.432620407279565,24.989189126323737
99.45725362364286,5.9842201664113865,29.69870586506701
121.66304299161783,3.749718795922212,38.36668634967999
200.85682757284835,4.5728336536685505,50.0393877589916
179.81792530729533,5.024822864543521,62.502942288014026
119.70708325139695,6.405349000245556,47.93813009877595
296.2242696620343,5.6411148492684795,87.16693499491373
189.6169494199284,9.274527758929755,56.82192722784838
86.42350168607845,5.472671346152472,31.322168475420256
48.49909233371305,9.929422133409814,15.147241406412865
62.800558971612965,8.662824619705862,22.510253855078595
88.86816394766228,2.8765946292160223,49.09596439057185
64.99078451267559,9.375356931795245,21.71465681224033
72.23876673436561,2.0472975809692846,19.1118772905821
99.82664723427719,8.357047376420724,27.65109980214192
68.54460668253135,4.4256096412892205,30.218106540403383
271.09431889539906,8.901768884005625,83.9669383784415
42.46544878525982,8.812510210967053,10.65215935784721
166.86318907967132,8.253328601058591,67.39866134716081
134.91111155710522,8.110273926763552,58.724500475649705
295.0660127344098,3.742112251882367,84.38662428887706
51.37089260705466,1.7282735474612696,-2.3899949577591286
131.39956773280767,4.626821608886453,51.80841802265475
291.4517213171033,2.561720634878578,81.87007845497024
262.3419952503145,7.254559800122156,90.23613446678311
248.78017986579837,4.1148975388400695,56.99046455204118
92.21279157258316,9.780491807739233,41.48005675863766
67.84852446921843,6.768748696107988,11.627212396011707
207.22010157884068,8.402325072709248,73.67483420067208
280.22527695572404,2.192722054676636,85.30667479241987
175.89361004390034,8.758130340453603,47.60775398943045
180.05155305157194,9.30481471462055,54.59751014351405
98.39414622487956,5.3835572693704234,39.07320707171609
235.45802129374232,6.456276439758797,74.92448913915445
72.37224959610654,7.883288208126959,31.497448787620282
110.63018619318822,2.573547645343713,54.24023552578318
139.1222028125967,5.523094688170982,28.855792070753985
162.1309060316474,4.587967249950818,67.10538118415587
87.87472507622246,2.317365929460242,28.56465986282899
52.15431092697699,4.307809800623783,8.81235769517371
190.97361188365713,1.6135507844694421,44.79572269994196
100.81655490727161,1.232307162545383,28.969916145683836
182.74670199833145,2.2164966023934047,65.14876001994072
63.22156027677665,9.668036004302564,22.524994881408933
154.7192285193489,5.945765823055153,64.50020076980572
169.12504111444403,9.69239945037898,41.07195515900712
34.51059031027953,4.892480904971188,12.678528067108907
114.24919789429777,3.806345197767336,23.65399752304181
57.63610954291279,5.555276765562197,23.704790071904615
37.74499173237497,4.955605197696191,22.67017401953359
297.18886506918466,1.9509821583556952,85.9245326631227
110.25907659292243,6.767436832211856,10.419302827711313
246.76484483929775,2.9443436425863965,77.49110674104747
91.29938333385388,6.576291594080466,35.04534631453149
210.82076222270018,6.85180983158338,70.71508113221871
232.86380076911223,2.368223678157833,83.40107398803414
186.7788473701964,1.5521466439960134,46.099190736566435
152.04133279404434,8.026854274615959,56.42798803002577
135.3154559612352,5.138203813923882,55.08881382011225
117.68311463203868,1.523474159549282,18.280795629321076
280.26816038939126,9.953796854527905,92.2538648032711
252.57343418056416,1.5200250489672997,71.4902444685762
290.2075349866235,7.255317059726979,89.87469229483409
54.803222575952525,9.853110327370722,24.84428677185448
224.6428930570204,3.1526209379433308,64.09689274494227
282.7353279098906,2.2802443181847654,79.20363974044345
70.74525852638484,2.09246445480186,22.611333960196628
38.6189548626977,3.72947632810836,2.5779652342354673
227.51378180121654,1.9094122990958202,58.35058940106102
180.85247169037532,7.229452075247187,64.66420037430122
255.71205749231618,1.5606261831705641,66.00598998769358
59.136265455361055,5.584799153348108,27.19640422237449
242.67484732076926,9.970271684676792,82.41350296710867
76.45564961336846,8.32573242555417,9.841493808881658
65.82366400239727,6.536974944079098,16.23994014940218
65.99442342067802,3.756282587079505,33.617562350216886
248.08092166478698,6.6150625266247465,67.92015245135164
206.25522179493603,5.743373175204865,60.10421050298937
166.45831893535342,4.834750455013343,56.975479840631664
120.4725355545807,2.1763933906617954,45.06386245453106
265.61615142767033,8.979437937164201,81.65917553643824
129.88463007833792,5.048061839391902,35.51431799628091
248.6478430520416,2.7516026063868857,90.19385283579099
142.95777439966116,4.309834157895606,62.431246036821946
125.54444023897412,4.727167772760343,49.815496465890355
149.5503399874898,8.447841060101869,49.94220395194811
104.38580476595978,7.6025294250526185,27.034348925904975
229.33062644935032,7.923744042772058,64.45661589062547
160.76170922589415,1.099281379857825,54.003294510354735
85.01955464110884,4.745385983617854,32.06254159302841
271.8808805168792,5.332097364717913,98.24629876688701
127.4895419844992,1.1727304914075103,45.337728766414905
172.1948011119168,3.3383188787053077,38.29679675532951
273.81219107007314,7.842608408099215,96.58443770230072
194.78663885591777,2.2339873515609914,49.5723790594117
52.73145139834194,5.817791183073325,14.88861829151573
283.152994611773,2.9368168481551375,88.91630887012641
195.758254859997,1.1090869717950396,79.23869484173626
113.77357210398412,3.1708131183958734,66.81666375044678
58.996180345748435,9.782863794190485,28.657516592181597
242.32705299568286,8.213834006946906,74.97306671497444
193.6203716599838,9.636189798889301,68.24926288224529
169.36910575337004,5.390686395337262,62.38262918241799
270.28992325426816,1.9876257880975317,78.87411361475728
240.8072191428686,5.931635400763237,93.16009700236542
62.46896632517033,5.089396011039648,23.58609549498494
107.2821789827535,8.599213744656543,41.461691458068266
89.5769591480504,1.8827432270582012,34.47370187848883
228.30496192034954,5.394170233196004,75.40443979884742
29.389081726018226,2.3504379822458583,18.38134851362452
179.56911176396864,3.9220833420105397,49.659243334726625
233.48843200739336,7.636213696490197,68.2816189110028
265.49437829328986,5.284163164318898,71.28885274042945
115.78288964045409,4.382994566311924,41.32137648149445
249.9520453081636,4.550286507130318,85.05012188113538
50.97688634745802,5.13502091565388,22.438305023583204
257.0066416856651,8.065148894533511,97.87949128644166
55.696825452955075,9.02876220046211,21.16746854782711
131.24044135690283,9.598012178535354,50.858555052263654
243.242702418275,8.082130476297657,66.09686720223819
61.97687965765666,3.8386620617321148,16.641397903419044
84.19039066513962,7.193212354778879,35.8091009525891
222.23071915005855,4.938428116498527,77.62945091069827
221.61023023290082,3.2920355984144605,65.18941739243564
199.52133720788325,8.567844214833304,63.42433075120096
214.305564450788,1.345837140660925,49.78585043875878
171.96284413732693,9.115857929218812,52.57649019774139
90.50373649394677,5.153297181622607,38.6316011741932
116.79487818109745,6.7348132912745236,44.15792026103215
70.8473607043992,6.934185299852045,29.727958075057877
274.36615717341596,9.056059666358827,87.33561385701381
183.34970253451374,6.730027139504866,58.44055591638832
132.23839669381917,6.525402262840556,36.33100874483156
149.36162502035714,1.5998683650462096,52.59670589065559
285.2393350913083,5.6656721975068365,92.6143660700398
62.938392872502455,2.3515210073533748,24.97746684535542
184.14435296470322,7.6369039184933705,53.801409421981845
161.64883008765048,5.60999728731407,29.766218471239736
191.20718592170138,7.12205001287518,71.89470790048496
25.070851469835343,1.3750561054214585,3.4204089335772894
264.1946945043624,1.7631281444122289,71.51221478308364
280.9931190954115,7.4469104925641405,94.95618009404545
178.2372914049785,1.6487590239880603,50.37544053429628
215.06223068552984,1.6413105498873275,75.93868832106884
278.2998267296428,1.108976277113987,90.2144956532168
218.0268176077516,9.60851258469532,77.0479948066779
62.71093201599318,7.637575235131062,8.972510110358138
181.3607408467077,4.179262676518578,68.6172934461356
189.88021298719966,3.668820231588897,61.4109793242929
138.75658796466809,4.147329067712646,40.00786953079472
226.2043859749224,7.971881780630636,73.28114135621455
281.62276413532413,6.95233549963373,70.2006446614309
279.15918361389737,2.6667601108072114,89.16766325437953
146.235023993157,2.5669840180067593,34.860284125129766
51.70665283541147,1.8855608474205758,2.9280734158983837
295.7555357094537,6.942724477312043,76.97443108931323
254.89146420486156,7.8793539599956235,91.53399999135553
54.90555073691472,3.385417854925036,11.871740211609046
277.83572713286424,1.1885046492782152,99.28224756366336
263.5709813773959,1.739545007287846,74.58305228633974
165.27465599530018,9.710740313605275,37.36418737946322
185.5571220085802,3.659002997296782,46.331393701735855
131.72075708363647,7.923008330543203,55.83584749043193
35.33325887016878,6.621972119688374,12.351981941528145
113.85522766085226,4.437456756876063,30.8924237117877
244.7989656074432,2.851185359759996,76.46546462064083
21.296966441288802,2.092477763434658,12.45315617577942
113.37976807352037,6.5351167123498,48.45547693725561
131.48723420546412,7.971704025740092,57.917014573438536
170.4707688226184,6.795138281870176,50.94111332982975
277.55957259557294,5.772719199242425,72.8937545174727
116.97687842246916,1.3775610108847265,31.647192420950347
117.14689653094375,9.716398998349455,42.60507352428671
226.50034947072953,8.188427724891172,62.40672944155833
146.621023449146,3.6353983303086825,36.232497050947714
82.88935042319495,9.819732964229656,33.21455042457217
146.68306451715415,6.416934306726899,46.72686299280518
59.43996570634396,6.241803923865218,21.280861627951662
69.38835622174253,7.732658614865789,17.097882826954958
159.54297636705434,8.305928092811238,49.71184981446425
137.2991258612734,6.9083074659835235,35.40156004869074
276.156852299068,2.1528617172958002,92.82547065961617
121.47029175265727,4.044407553950485,48.815784650009945
182.56473807785216,9.352752762934447,40.98391918244193
197.0340006174685,3.0215405065946674,51.32586183661378
23.66644784473342,4.34950321453762,-5.6906065902119565
205.79046416467895,4.888691946497764,57.68124587858359
69.8500707235304,4.95464490725007,22.597963972780544
289.09968889144744,6.5164562424507295,75.4916825916743
61.62556377087163,9.487682539702368,14.012912269859543
136.09475464356663,3.1662344064925447,32.37196987550128
43.89790706202028,2.0935123867082623,16.288801605949654
299.12479051686523,2.777234408739436,91.81949772979179
160.6146028927479,8.982324101883426,45.45816738539355
186.70780484961227,6.812297313896854,61.18669883322609
38.7814136687597,3.573161103152441,7.954203806331475
229.9889317117698,8.343522450717556,70.45188963562919
78.77356606676402,8.752329967270924,44.74275570665004
271.4552010433998,8.618629048212503,99.15048535502967
77.43909933496201,9.27033880275599,14.871086832590619
73.39256178582664,3.270169181560254,31.95017730531987
30.233906997466566,7.795377358716505,21.081826323514143
152.1787446307998,5.14485547546726,36.743418239447394
178.15551731353258,8.577986976010553,65.92342511961365
38.39841903993866,7.5564160944545185,30.677052943334385
237.14773267460296,7.9880270184975215,63.912885249185514
146.92087372944772,6.905456539129643,38.3539621782565
166.82927541172242,2.596858925227362,61.523826754565434
143.4135691427039,5.905242270072445,48.691644986103874
132.21365704509128,9.862027655720574,50.10987369378291
176.699292766301,9.43649259847407,61.133926293132305
63.4672688605995,1.388563622173105,23.641421678547843
70.93987653867592,2.483333341564934,9.258908349274414
261.29997388378484,2.1855589610910573,89.95594871189547
284.9123293974172,7.53381918986766,100.93650833843672
124.52660855833082,8.360067968712507,39.24410911117521
95.80850848019506,2.9216022967960473,29.768584194317913
200.3198721069244,5.552674236566461,47.56122372480333
134.445567907467,8.5663272521008,49.75938155846885
27.10817958489656,7.595213902896255,17.650635244058535
63.7227272625333,5.880134849426635,21.434975433480194
220.4722240772713,6.313129214128956,80.5417654289509
204.49870373484237,5.57524492224652,60.796461271776565
27.586877900975377,3.677936061869385,15.761090660163308
82.15220534122584,6.085197935731145,17.491617183312165
84.70094304466,7.199967718450816,28.774745263881023
208.12996820764397,8.85990624274727,65.12540100463846
25.518950571221964,6.726622185813232,13.27207548468262
49.150402955680676,7.850093833388422,14.974898515064831
243.97650390449303,2.4406447145911567,73.0985475719268
69.99250537521341,5.154017269778109,31.83523196186814
202.7689101985249,1.0839845784438396,57.005022976397214
86.69117869308343,3.220109780694607,11.55163749088554
47.84358997261664,7.5381554360170435,35.61799375184772
88.08821347984714,9.926289562144271,45.20414961193114
222.23474091958457,1.8926028962849433,54.69409677296166
259.59501106976,4.613448842751595,87.08230579475574
252.46156207875765,8.200638718292435,74.80904027726008
131.21138829316735,2.8363207116600897,43.416448997090846
207.06383823978092,5.995764543720576,68.0592750339295
77.39560271642988,7.597641664267073,24.67342364389928
102.08136447308371,6.543869052341611,26.058687212231952
270.97402918591354,2.692222611538745,75.73290953838082
23.64053858300609,4.198461118171655,0.029472979175229952
43.942388639251064,8.054126060368574,8.891557539655157
78.20815144088765,5.98803862718815,25.784681845366812
27.42901708466952,1.0470665218862147,1.5946384952364454
70.80192182514325,7.848916840252844,31.985555624795598
183.2516370715138,1.3178021944621516,70.50685377204448
137.99887416589942,7.711604044581089,39.45493185835994
269.94807910155293,2.8223250414871366,84.78963125656323
248.88419728676345,9.622661321074421,84.47344094959558
115.70885847540526,4.31146676171876,41.588413632673706
92.6385613607619,3.942384547042712,30.522313360910797
126.31387428683473,2.339992452992002,46.49098269614364
185.28258390414618,3.750437939411934,62.282483667756395
95.05781943040535,8.889856856453806,20.585650034075528
194.76169419775752,9.967009038645227,72.1035734225426
134.63526261354733,4.314785774561635,51.420880044012435
174.57321063855446,5.037495678590883,47.257849989075964
142.1154281578887,7.498638443824634,46.763326023754935
102.45041267173694,8.97576202418567,42.05629474172461
285.56692594940387,6.337399007681057,86.74563909286807
233.80962236473303,4.523731283600464,83.13453282888025
59.23168921460671,4.713596567637614,43.765029994394425
263.17103325141557,7.260563318471262,74.72173130831048
156.48073550986382,1.0289643724385082,33.64825680764065
270.4746235303456,6.576304037138566,87.46872503372171
243.95947166524826,4.199437093972216,82.50318509782203
139.05978125138537,8.147775981493758,43.4831586277148
26.29140632963287,1.8369157584081894,23.338486411304302
95.22966062778491,6.2938204025355144,18.32975039237074
171.65758010504274,5.328756008975113,61.090838266316496
197.37390155132124,6.780929733147047,56.54402712438096
92.20855192129665,1.5836823503467152,45.648185813635315
59.01970074039076,6.219854086853181,40.740990797225
253.78046630380376,6.053361291635714,71.49425465912552
295.6326105969946,6.045940849745539,86.21718224488534
167.19325104475203,6.431388999368093,61.96954868290768
68.07020003752498,7.08821143503726,20.09385923088098
96.2460514254233,8.244900997126928,32.542153746868074
25.149389433290686,3.428386481153929,9.512894275988272
276.0036658369397,8.425444691620559,67.81709053491562
52.97030320923952,5.484301140371082,18.494864072015023
181.424613143991,1.6935245122089806,48.37686845866005
96.73546179241768,1.5269583631958128,24.85288949532549
175.16984070442214,4.008144868264547,68.99134468014705
202.39770873852197,8.064072794003208,52.18628007576562
252.32770503801646,7.369128412668242,87.51492758521883
77.7979560929689,8.097534682051657,24.598524865598414
23.078832024374535,5.655421507974484,6.953758676341259
58.32797641926604,4.961790981599415,27.883007377096632
272.0052197174694,2.3270727403565554,86.16561523110799
264.68922171750427,3.953734782483804,87.08976387868849
187.27566860768633,4.9061742955648775,68.31763433541695
188.14472092142296,1.797403867116555,54.02903437815194
206.21026887295153,2.985507574400901,57.2334671040084
69.10395801456589,6.384027646573649,13.07169596207861
276.03534485898876,7.620968028152708,78.36698217198344
137.25574696978046,9.985127602536547,75.66023214528967
127.27878790985929,9.39801998209202,55.32944217137167
165.2969574791945,6.783086795816724,39.469886979586505
33.150470697015415,4.791232479646648,-0.8838221185077515
66.55934325170223,6.725596282374094,28.14926173388263
226.64941259938374,8.070864562722088,77.50290403495583
43.18362701903541,2.065025718310486,19.47643931803951
188.8825906505887,4.689144007266594,56.45979126327292
88.69775071076987,8.558220570720556,29.633892898562237
129.00277193175344,4.454496567397396,44.20687510481831
100.83424629579596,6.146850441044679,34.18262917219443
119.58836061018576,6.289924247759784,16.82846657946027
221.33285345158873,2.6602862782027543,65.43200286882606
103.194080374489,4.260118974870595,24.57421925717886
178.59329928313122,4.01060159867739,57.33540477336318
153.2941126157479,1.235770376788583,76.45870899915276
205.82792630154148,1.217725875022197,66.03205748271658
282.3123270109322,8.485273393081961,85.80103793809667
225.1201872188701,3.457637289755312,78.48288983031121
80.1833060054119,5.662708896149339,31.713225121790366
28.731277817159707,3.6885301622989575,14.664593330815801
93.43393240395102,9.466113206038065,38.831742256361046
186.62182059607136,3.3336708297919637,78.21881724201282
34.3992277755901,4.866911314650416,1.4443396367430772
158.98254921634617,8.854572254361416,56.858371660199104
187.11599769672898,8.577402101126278,51.15968905976645
113.58828942874904,2.674912760616496,40.96906967235544
235.85541704883013,8.223789788161394,65.6816548938688
49.8475108774561,5.123681980641034,13.342426117506502
41.03857888602646,5.346719848768197,12.034034447812973
223.89285173700893,2.201319751743494,78.02668259042152
158.73756853773557,1.7254136238141218,57.66852181265187
212.75267099976608,7.551453762763886,55.14435441684792
141.75165480904894,5.468150371197698,45.80891273831202
88.9925693069499,4.931656323536616,22.067800406361552
249.34864894877592,7.5655740578715704,66.00233260681522
243.8364461113142,7.889616090919988,74.92557137461054
214.5150118392395,2.430173509024182,62.48476242172573
96.20063842438955,6.492026345298772,56.37336956342148
185.2645867233444,2.2181867404991698,61.01806764085986
121.0726911432075,7.762375774261411,26.42682022255059
45.64298053145756,6.912596406404256,11.501452320929975
276.847801129428,9.609531589751121,98.07293908799795
58.30921665730919,1.6206221472077906,39.1875037994959
286.0664590698247,1.5134924903612887,70.71685084374847
144.8816164282276,3.539683672238801,26.435082913197228
