molecular_weight,boiling_point,flash_point,solubility,is_safe
150.31355637089214,105.71484731084819,48.299300270576055,29.414008524124533,1
153.3550797935954,100.43749822481254,46.11862374294629,22.044485887774915,1
164.68598646905514,106.71238176976269,48.2112743718424,27.42817111638607,1
181.28795418302286,117.93653982151218,44.82685702460418,21.127990922521274,0
192.77057749040375,94.29932848423392,41.34960417846643,29.271635089206193,0
134.81708715596488,108.85372145514474,41.76225433046787,20.203963919408757,0
126.2509782453894,102.12259559092324,48.095998128344505,26.187762460102906,1
179.74806334793146,108.40612815854745,40.401114352025225,28.15078418889963,0
189.19437238838808,118.02838082923016,48.8559370784383,27.056125856315276,0
121.66976286857773,119.89194730429894,40.748406318135906,28.82006699832113,0
166.46726432916049,100.08031234397544,45.11316156191211,26.13910269302005,1
127.19779385450727,94.52551460764391,40.4300115094453,27.965999977030588,0
171.50997374908007,93.46648213266144,44.74286851877126,24.591245711366525,1
177.34670833338095,90.37788880409431,41.77187666695179,24.894374702122825,0
114.47883328807401,110.00313207325668,40.782401500797455,29.285063283463998,0
197.57308621363512,116.85215979559575,46.00429688830837,25.850322025795265,0
161.46790079383013,116.77045681096284,47.59779409183741,21.27052636587237,0
168.67016679804843,94.87585800804789,47.96442630285296,25.402685020482323,1
125.58555428697062,91.69378582269593,44.574627139567596,26.37501248264117,1
140.7644123897656,109.65591504607164,46.283050450167366,29.5352373129479,1
132.7587461232123,118.57928161182852,46.468030854234065,21.063379814437912,0
140.31529147599773,95.71465446294611,46.73867275586106,21.403840466837753,1
146.5237042356096,118.7755022349809,45.34721300780688,25.500484924061194,0
101.41818995830474,114.12788508461946,48.80859859383359,21.03031496990686,0
164.75101204950073,90.64919170197427,45.04744944562968,20.10637434212467,1
198.22725036897174,103.6907923633757,48.25865548084657,23.41703272403322,1
171.68900212618178,98.85873404180474,47.38912265559241,20.842046426980573,1
138.8347231467631,109.90091286089388,49.2085571111695,20.826815268547147,1
127.47383331433379,92.50100574221963,44.48251076921022,22.969559637925055,1
115.99398859567623,90.14881102936702,49.260248088376585,26.33814145448208,1
162.78483876268425,97.83319422931709,46.29852218218678,25.79142169443138,1
191.96972511013612,102.38689399520308,46.34352980686866,21.037046415352716,1
116.24243896286785,116.91040238222035,40.93553006035458,20.809125174836087,0
109.38642434872975,117.37732628975195,48.113302433595955,22.550001463296322,0
118.75417400126548,93.5774562067741,47.242999879909235,20.057904615669475,1
198.36796834093474,109.62642507792313,40.854517469577914,29.37932612186382,0
138.42551598438789,98.44533501245826,48.360148986057496,21.214164126447198,1
114.81878971453581,99.17057625776738,41.38530060476127,22.53265210160243,0
104.35962808505515,114.69928830050897,42.39867204851954,24.39033913374006,0
196.9283907470282,105.75432228198366,46.73794403880977,27.91357077158982,1
127.06218300459568,92.36691297716428,46.99252886734756,29.084806305618073,1
126.06600820378264,106.41630706538359,43.989649286101596,21.01905816013247,1
184.80157347836916,102.81000506792525,43.17990547275768,26.816358836060335,1
192.32773159471765,114.62069544473259,49.82186588671786,28.53201338473273,0
163.60811487767407,116.09911806280645,48.56118940810893,27.048266090923804,0
127.30996258243847,116.3546534451164,45.19900918787802,22.52322912732546,0
185.31865359010146,116.82424449689549,42.870141734171796,24.018612339663292,0
127.08370302744812,100.35176942617525,43.5924283498222,27.703866727600605,1
142.17212407699182,112.80372424055362,44.29237799526363,27.167644024854983,0
125.56498487982853,109.30976502909097,44.97285553889185,22.80423318260167,1
125.13536799470967,103.90865708383328,46.69465391083345,28.64818301760985,1
138.53579472996867,100.53306792648738,43.69801584198999,22.48035143430205,1
177.28465103426345,95.30821113477701,40.1773622019007,21.74859990107886,0
113.00037806805551,90.66161087377462,43.3146146202533,24.429226343247173,1
177.0694426672963,102.94947752089148,41.46200195627188,29.433783924170132,0
155.498028866134,115.90305770369042,48.22896326428268,20.871384375041593,0
152.82041589540893,104.31347282893972,46.25948807738562,20.34699470409281,1
196.00265626457252,109.27783782555849,49.51866020843278,22.80462362043488,1
164.22658326617923,95.89321822303513,49.454550389433294,24.39447882001172,1
108.34010554061402,115.20658502720596,49.963542956454305,24.96008327966264,0
193.3735364816322,93.98815171046301,47.26514921218956,27.083362109989945,1
140.22876249977782,90.19957133299594,42.04897508788268,25.02349906655761,1
147.52478032412597,97.1509202103848,49.669061188570005,24.91289994504419,1
184.7283039435759,99.4263404272696,43.67479759315441,26.821355313751752,1
107.53227173695855,114.95599826130645,49.44879864400184,27.12958510764932,0
125.90269635243124,107.75123392347675,45.61136134611011,24.423718969473924,1
144.78843747076976,106.25932300390201,41.94003951493715,24.551383662338253,0
195.79516706953098,102.35894342279796,48.13333052207834,20.584703273008348,1
122.02099977181247,119.64093136530431,41.974926719927524,20.106334506051486,0
176.02332966692236,100.42450686944309,49.841730068611,23.269611278446884,1
171.9497692337108,105.79294148812059,49.99677503334816,28.16190622547523,1
132.6318039562886,110.22646477777728,45.52806115620243,26.696808500141017,0
153.67476638383783,100.34741928267205,46.68643851191602,21.517696004236225,1
134.36942493878095,118.1153648234677,42.32152797342332,28.333355403379763,0
186.47767811197681,94.7619290755248,42.668698948583106,22.52599158534362,1
155.72052534320127,103.34572629373133,42.61009775689418,20.392267028099987,1
177.14962746273648,101.4261273754924,44.21189805737102,23.296433392907034,1
110.81156845861493,110.02130643352919,45.743411862135126,24.399904089147345,0
194.34797201671267,111.87991818506605,46.68991287748017,27.959813711908552,0
135.53996139868548,100.62570408306011,41.242681461508234,28.256048773526146,0
102.98559444098215,102.05378889054096,44.63912799735266,27.56083306093089,1
166.96307624684653,116.26615262044098,49.06901603235407,28.227193867391925,0
137.58690254921765,114.30562244353013,45.14280936448395,25.037591601990165,0
137.48909395610434,105.30205457616087,49.05515513044167,20.883943929704742,1
146.47455299853073,90.83987463760458,43.18439827783316,23.937603347929183,1
178.80356373407045,99.00480403191442,43.747660422046295,20.52996226110505,1
194.32186561505506,104.86151648289814,48.03511972689863,20.29367564302511,1
132.32247808215394,106.59274584064079,47.66789137170785,22.682148031955293,1
132.54536063737007,113.51621374138512,46.586484918820986,27.526121117192282,0
139.8703567477314,90.7416515711497,40.638023389728005,21.296804217156556,0
170.54570542369987,93.57937271011707,45.05727934420569,25.18580243080728,1
120.13612691951174,118.04182325122495,46.603623348242394,20.863216011254902,0
110.08438868928661,107.23807834491818,41.872730954664235,27.40416864538102,0
123.04501085776252,115.09001026959149,44.76359539274922,29.587753210180544,0
183.0379452929679,101.34107831887194,42.582327753815576,25.957303703143797,1
197.94498003130747,111.84390935770446,46.12737597533128,29.022093922916486,0
198.2547335932489,111.17474453202234,46.36711384484339,29.599991667644012,0
175.19597007586734,106.46644751017887,41.67136426645304,29.54127073243608,0
118.97430187475109,96.67319162771938,46.59405806284684,22.115240318713166,1
105.92131242507553,117.76185537492802,43.087899244358226,21.74442013195149,0
199.12041941262663,112.06971917364669,47.893769055475744,29.326626774700756,0
199.59804701260737,99.95245833923998,43.36754003592724,26.105299224104897,1
112.534352397117,99.59349209689316,44.39238191719488,25.511009472939797,1
166.86595710307537,108.44010261475891,45.93204960813382,20.036779884923362,1
107.74059698271029,118.9762177482131,48.04073497413123,20.751681740359714,0
128.5695226659391,106.50482641542474,41.45171406047733,26.6327582269937,0
167.9670922489918,106.45891437152531,47.35830959820113,20.91485908023731,1
122.8300765468403,103.16269287688648,49.68244144115493,29.974520704893862,1
196.44054802776833,104.72490445373505,49.55787871312564,26.722772606449073,1
131.26023549390442,118.69484468545764,45.816687922879126,26.598451763302688,0
140.30480885278257,110.80971454845486,46.390341181515225,22.53156265245186,0
129.25623810586865,90.81288187338448,43.787076592097705,27.90890634034848,1
168.2421831432295,97.17788175329198,45.50348755136335,24.59818099818384,1
195.5566543030659,114.52553842873274,40.45613513728812,21.577749686301438,0
160.7320395142311,114.19837783270941,46.749726875779245,26.089241365751054,0
112.64995791849447,113.2384538451777,45.917371062100976,26.31670868518288,0
190.3590050460127,100.60517363356432,47.14453702671983,26.51803468121212,1
145.41161509824585,90.77166154977444,41.0791578102387,27.758024500148338,0
141.5492801176023,90.719943488281,40.07714796313961,29.169109778804604,0
119.90502348397688,98.49849562682463,44.94206180099118,29.74763167191797,1
162.29199392489926,93.54672784186945,40.58230244864441,25.76345154201882,0
189.25717689416382,110.61246054440988,41.245672483865995,21.67122743589463,0
147.8226575410648,108.92816329640141,41.38621860790475,24.83551717198534,0
186.31704357694957,117.95141277768957,43.32729683001238,20.416456946979434,0
191.41318178297257,115.74005390480006,47.91313085059601,25.152493589671785,0
141.35006703093094,115.19138661626573,41.21589369850962,20.18577149202725,0
117.96636073935346,111.83739751544555,44.58829366012761,27.09038167649525,0
117.79006636856073,101.85302512653216,43.81694034496478,29.204981277215737,1
124.8549954246711,112.59113894350972,48.31727003839358,23.187444932163395,0
186.68069008629323,103.02055034976541,44.858617424371445,27.206186097170516,1
115.54959060009816,114.47841304364997,43.21248383899083,27.393875303274182,0
157.13207647682236,119.94090678266065,40.6280224742258,25.234822115773042,0
172.82501843875283,107.50922761913992,41.450065793185,27.338850291697838,0
128.3709316363674,112.89790888856841,44.62970553960577,27.37660131577956,0
157.7296615249605,100.2456040953135,48.71714118591274,27.607749847297285,1
133.13816926153385,103.1696160233985,48.06615903368599,22.703879945101182,1
135.59725482515157,99.56801529794045,49.874903178978386,21.04263274924583,1
141.62198378360614,102.76614138502217,43.80042781543998,26.30476145267526,1
194.7329401781705,115.26103713648052,49.28977397603746,23.858689521463322,0
193.91818521166914,106.87215709759046,48.68254152462681,25.251291831886792,1
161.76396397031613,96.12460435176955,47.297855766142156,24.516446036532813,1
112.87226215409916,94.8205251518892,41.297286638342605,25.7969016054242,0
109.4718400779172,117.97719487041006,43.78341818896573,21.013793992298947,0
114.34485219754839,107.2162823584604,45.255748796089094,29.766589375144285,1
100.43920393980503,110.58789375647113,46.377145309945945,25.60340957548087,0
168.3717656532059,111.05006578742447,40.602909432703576,22.847218610507653,0
124.64047908964203,110.81246916947929,42.02347869369114,20.08575346575072,0
177.73742189534937,119.79517399638516,46.68605958105527,25.826701701967014,0
138.18865047965085,107.13577117360198,44.257156976100546,25.33863285785981,1
136.83993244897343,100.88032415113825,41.829996985903215,23.347198837299437,0
186.03423054651785,101.86945036519523,46.85950608342866,27.459922479196237,1
180.40251956201047,114.97700797540863,40.24827479515486,24.079017503216072,0
192.23351226803123,96.86018899710784,45.090878365597085,24.417327505581774,1
124.4170582198773,115.90083822199695,46.33155357332958,21.220236568983832,0
165.54659258990227,93.80110834106857,47.77266229231865,23.685944193874285,1
109.22745290014313,99.68628979008896,49.78510328871497,21.965954571520477,1
123.10056860303604,92.06442921689668,49.445226198316476,20.69508516233731,1
171.24957344466355,116.00878515596422,42.98660065898591,20.149968266154083,0
163.5275932829436,99.74869664311366,43.93230629043318,27.53796868875353,1
120.72162270712103,95.50769266160695,43.33019946754344,20.59046499243097,1
135.51205455838786,107.30058599415426,40.59508222186144,27.989195955665572,0
115.41215157083731,110.05614333112484,47.61595522991414,27.86694886671885,0
130.86884632349563,90.51423722618189,44.51428629815282,22.120203434993787,1
112.85976781359332,96.29111771924809,42.957364689422036,20.465277892932992,1
179.19205729323218,96.74797520709438,41.08599529652578,28.76764079037475,0
101.92169443907876,109.49898003886625,44.782699842614,21.816639169980327,1
125.90841861202475,117.37223252915325,49.327131047139595,27.343453470326587,0
139.99860639924495,111.16671520598122,47.83681635324297,21.427495585126564,0
178.0462064804289,91.93742236741562,41.57942925555954,20.85956082338327,0
180.58446045569795,108.76632197368723,48.45187318615753,21.907430170051605,1
145.43854781031945,96.0136364873166,44.203699976196454,21.578024665499356,1
150.87763574125125,100.66477978292704,45.21892643408804,25.3790682293617,1
127.48518914869425,111.85681408674,49.59706838397173,21.11121401840928,0
121.66980884642828,115.67677062162508,49.38389851910406,24.87785838839704,0
144.07955467621449,100.41142072514309,43.534253935099436,25.125930380311004,1
160.30596769615303,102.84113311212586,45.290663580364466,24.04232240187175,1
153.30520286002474,114.37168382920622,44.45175852037306,28.56143385154933,0
149.9429657527084,109.08965852552885,47.79774913253109,26.964901084369,1
178.03816312714605,114.65287919740771,42.07384536069693,25.687084650245534,0
158.07978658882251,110.77538290744411,42.73213739673283,21.602152192683683,0
193.93963945975787,92.09619315087883,41.345727588656054,29.167828590772004,0
184.6498522348541,97.73481035359444,46.96442365586941,28.521501260789638,1
119.2826408204181,90.96079513954265,40.40870107110401,28.071852376336047,0
197.77423203216384,93.62903663064866,40.5353293025684,21.71480834346983,0
117.75003165941159,117.85707070286807,47.98004490608885,27.506775194121378,0
102.59534102074224,114.49043464413174,43.51880271900741,20.331852672387996,0
148.1825461488875,91.68389517607841,48.818719209319795,23.1832284201004,1
198.73085145797154,94.47166195047487,41.77310081110702,25.79024553592662,0
154.50717253195035,109.25544569480437,42.239405559579886,28.352945405189658,1
161.77762490330605,96.10594413342152,43.538308214669236,27.096784847052383,1
137.56339311459294,114.85322110764116,44.42984130863568,25.86912232729867,0
173.84269143464044,96.33785307428283,49.9041286097155,24.882138727098525,1
161.13023704045696,91.91108102742665,49.64684259834968,25.42237902642461,1
193.04320995785062,110.71804600984292,48.315457390364536,23.521644457535075,0
136.41446863448292,116.05131250041438,41.79407528458016,21.58240466523743,0
181.042733273064,95.36326650613233,40.30857086947442,29.3197129279504,0
116.73895002949546,100.11303032295449,47.969479504302655,21.052965779435343,1
182.87345253725988,94.14466309988848,47.19830990877918,28.349288723439262,1
186.94306889475945,110.88718189418752,46.541011490683374,22.519314491232045,0
190.86785021941347,96.96999831662127,46.19021870079245,26.576420149138745,1
173.82089482386982,107.62742105391762,49.83293712355743,23.4424467047571,1
164.60699540695362,114.90658105632596,45.364921020524676,27.108435407372074,0
129.263681492487,103.25020886858961,40.134020299348336,28.30577442371994,0
105.09425240157532,111.95475321150225,44.870518082317524,27.699560704281993,0
175.86000415968607,92.86414247898392,49.5794233667567,29.27618681111145,1
133.902582036362,114.01418620028821,44.93892754153838,20.982900097389535,0
131.537735548825,115.03211028603948,43.677951777286644,25.578508337862285,0
121.69542498222718,101.29511501657767,42.15670560804332,29.83227403530834,1
147.8058806639173,104.60589529905482,47.1906098396402,28.737542972305697,1
148.9312695555725,90.21325033953967,40.32144934951577,24.96618579776314,0
140.99462369022405,114.71346715552309,42.77126150101408,28.781603103108132,0
112.23370916870984,100.56521015805185,49.79335034057239,26.1230844105746,1
112.0835582676109,91.35398687836191,43.55472867985609,21.072463788000107,1
174.11912741461708,92.13387067694892,48.84977521892199,27.427210015066144,1
159.22270723868112,118.3696846866596,41.028204663104546,29.410600021192412,0
192.4809514332922,111.16630380257381,40.41911092119312,28.095724618232783,0
156.7269767128425,92.32348800221763,46.83139617474013,23.779321018031492,1
194.29866961575567,98.02103101982485,40.77470451683459,24.468637263910793,0
131.69662979371452,116.41144150092654,41.470365397999245,26.540592615470796,0
127.80395584051246,91.64547638365636,44.781972384906865,25.82743101150351,1
117.36370930821002,104.24302340543936,42.2107180371439,26.451551217487246,1
167.95619589466926,104.37050068083818,47.012576255449616,24.693567841332047,1
188.0954691706672,113.29743226863488,45.42454712657866,29.11089329547937,0
159.3680917249897,113.4538426832724,42.309389066457385,22.33631180883205,0
121.10170199735465,94.08052090575862,47.134890283367135,25.29329639830504,1
188.18791253698566,119.47205245904178,49.89256229670803,27.643298653041033,0
156.23305230872603,94.59649858904588,49.1624860756878,28.435151694552136,1
105.11464621162277,108.07220054094957,48.926174326486574,29.703745698461667,1
162.9363546659712,94.49968760300524,49.46632960344344,20.136413022623707,1
144.58564633942046,104.28766887598614,43.257858623845806,20.644433372705635,1
109.25461170596292,114.67951950062853,41.839716201414504,29.687472648525944,0
141.2202524148304,119.28009960411819,47.08785094046854,22.364748146092,0
103.4375134532123,107.36364785046295,41.49871286984359,20.54174915762125,0
184.37271980996928,112.81984888826689,44.4729688107872,28.26638825209597,0
163.3089972742177,101.58873383986274,48.59183762342979,27.61818740873819,1
138.47613666614902,103.56096861243928,41.13814312248083,26.924177916117557,0
156.8846094757316,105.83922919278876,49.181789994500726,28.025546978423407,1
163.3759724119401,117.31697309183963,44.74068941844078,26.851938540535016,0
169.2123882147207,109.32229293829771,47.31083535142701,21.928082776984372,1
157.38736707489483,91.47022521678358,49.77230051530948,20.403978709460247,1
154.58647315003947,102.56576470517818,42.54959100594344,22.80862724998796,1
124.60711960352953,93.2380245909953,44.18934987458432,20.633126676508056,1
182.72652230337894,119.54247378874072,47.9877231760037,25.991194029644795,0
166.5380854088122,115.68654397667532,47.13341014144028,28.1819745085496,0
190.71371853643257,110.80606118037066,40.73494377755932,25.448585727677848,0
145.8309334943075,118.7738123815934,41.88547121490172,25.4276847895852,0
124.76111598411858,104.22119124883585,41.21397228253965,28.032605435342507,0
149.3122384241698,96.00280183077774,44.51601016471958,25.480307275784885,1
127.71422326624545,93.07287546000377,47.44702441909166,29.99526206769845,1
123.57061763733893,92.37478272626207,45.00904543755635,22.584430963999292,1
141.31024510972534,95.14076760908819,45.47487572747539,29.370679552455165,1
125.89908845562744,118.06989327532906,49.42902300229416,28.759342968146353,0
111.41562391313023,107.76810326421128,45.07569026927663,26.69313719727924,1
134.24566740334674,92.34472838254882,44.65107482020049,28.64000018482378,1
165.89871867725248,100.92707650394215,46.20555815346725,28.751208046363708,1
122.29409202016427,106.52449288456464,45.07433217863415,29.61747836092387,1
196.85711919774178,108.10414854746679,44.48146744186155,22.285975906954842,1
133.41149218681971,107.2286571391106,46.62626742316137,24.59378522975454,1
190.24430434756422,115.06264315742366,44.2741528400073,20.52595973485926,0
185.5108936955607,98.26620586212911,46.662901573627316,23.899371027036324,1
115.88056564945973,94.4941251891068,48.89058218570379,28.84114296948576,1
167.36737935691238,92.93903379840016,47.20850453154156,28.735575401079362,1
118.97605260813845,105.9246528977003,44.19512136308854,25.974898614325628,1
133.94552856789298,119.98459006937175,41.69230004799479,22.296569686713855,0
195.78167338823314,104.26648575507798,48.051988450671125,25.44961511921285,1
148.18983665159408,117.05589030638032,49.27637405060075,24.335444102921713,0
184.19626672979626,94.4228109822494,44.24005333591194,20.564035269442474,1
176.14600141580974,118.29103117136937,43.41056842677557,28.908853474774816,0
117.4783580655976,115.94986908490303,47.91356982013974,29.911570436679362,0
169.71971358590915,108.42886450091964,42.26762725784809,20.743379522898035,1
171.03557612668638,110.99095652110499,47.95511778330214,23.91785244536053,0
122.37813980722187,105.41361657743366,47.80713640974734,22.36207468120206,1
157.27220193725216,105.90447386767082,48.25374722903957,21.953631478253264,1
167.3431227545674,106.67597049233052,47.312267590065545,24.708305998491397,1
129.0615935910669,99.96982848719169,42.471430929930946,24.269952978488128,1
108.5969452434355,114.92730995578961,44.66447749120231,21.16533443877215,0
169.11626489012627,102.36908410462746,46.5141508808225,20.70172546652414,1
190.66024874504723,94.78904309986117,41.933542718383514,24.976642441676564,0
189.9100744268475,101.34774206323132,45.84197387093389,23.739012431365666,1
153.73064871342748,100.3209718880807,43.79570187110432,27.809690030618857,1
191.36410126788599,104.47097559202837,45.931684600422734,25.902987355438555,1
116.67029658209694,107.82107027675323,48.601184065838886,20.412480223151903,1
136.9250292107091,94.38786229163787,43.82179920572653,24.6755114473836,1
181.98326684731137,116.234302237665,49.69615129005809,25.232429081260857,0
189.22626260705243,108.1911123296925,48.35329151713189,29.667340457487054,1
118.55854939872351,119.96967984838759,48.47431699021992,23.163928756335444,0
120.23932655862146,92.09561917367422,47.99706079430317,20.67672862172165,1
161.56817133419045,91.1963333947235,43.93845584039215,26.08772903028938,1
186.02145242961615,94.54789514547656,45.39009099184028,20.83405525428003,1
129.91257952851606,93.61766921414032,48.659037782301716,24.10741699929339,1
102.76524472498613,96.38772730285842,40.47060475358803,24.74132967314158,0
175.97013908672602,114.58096352999482,40.993794104910755,27.378093259054214,0
175.14489093652082,114.2704106722045,46.760360417502156,21.745621099103005,0
120.5947382413874,100.45802460154695,42.61221312531664,27.691513563488183,1
127.99965853479023,118.49908327827552,46.87737965174964,26.61811886831611,0
191.92397919604983,93.41963246737163,47.18646240778531,25.285076146605192,1
196.39726942544428,117.01716265751877,49.13150845037606,25.98807393724617,0
101.95189168779326,94.6861372820793,42.283428468967536,29.596517878145104,1
114.25948332139502,106.02983678878691,47.02139234193672,28.178251942454786,1
106.24978630468979,106.18016819220158,42.15577294540623,25.979502696524584,1
150.28989614557446,96.85489275339823,41.317056320320326,22.83357128330083,0
131.4777729915356,111.83290455107368,43.10399663328736,22.307169914074137,0
111.735217442645,118.11445917996888,42.92422947424973,24.521185577462496,0
144.32231908412217,105.65375598666303,46.13964788632684,22.315385536269574,1
104.06365678345651,118.52444035869586,48.85012081918665,23.05816678749583,0
115.33701621539215,111.65798700207708,41.91673889147136,26.84056826023567,0
157.70791456663898,115.89391168458774,43.977819966521594,21.278259906623386,0
110.18401731375425,111.65518928949996,41.224870359249365,29.097419449261302,0
160.68386524699156,103.00156565749934,47.19013158597956,28.850721377737997,1
174.02578255588855,112.09905429839925,42.99159344132216,28.590913693521497,0
172.48401697111444,101.74689521839454,49.909058774365164,27.529433314904246,1
196.39426020423582,90.46412431711242,41.93711220447519,23.522064453593494,0
143.0862543039288,96.90228556402381,46.24649605635018,27.809459117729453,1
155.65918192660993,103.73853228895503,41.65664341489701,25.105015489148332,0
196.73397832443416,117.46208124247147,48.62358585137269,25.687379668375993,0
162.51185361203858,98.57410314240626,43.87901840594955,24.026988576352046,1
175.88429736036372,97.82501132505573,44.51069532168637,29.934568816911504,1
112.75567995262217,97.88075117743293,48.23721934946952,23.252761461293623,1
127.00415760761513,96.05137140855706,41.107361582141905,26.291222685204367,0
156.11686705257387,117.52743928882292,47.636887654820626,28.398922768762652,0
184.21791328939705,116.0972388028059,48.63605888363185,23.298884808466156,0
134.62498727223294,107.12867168405394,40.57961837622403,24.871746983317635,0
196.8959907118446,101.71726560412199,48.76829280719956,29.103296402236012,1
188.04466399584942,95.17389941263455,49.694219506437605,21.29638484762788,1
119.29562797950067,94.87906193349617,46.07937382998542,24.634695960154044,1
186.69162060816615,105.96153636527,47.03122893918618,21.914535962591916,1
192.32343875502212,104.86375632759044,47.56131094638162,22.84211365703774,1
120.16508609201992,104.48854098401911,48.60742953520907,24.470805470283644,1
147.91155812249372,110.21155286020863,42.63191288755412,26.89682025031744,0
163.51650472358483,94.17201849995661,42.15124895147581,23.733083437856767,1
146.93048574654225,114.25561310647416,46.72019549224977,21.58325264989503,0
125.8954648188689,91.3246391969638,46.87257080665768,20.83135221699005,1
150.6334479949013,105.22887858828481,47.77836663990274,26.761235164387767,1
144.74530855234832,90.85069492577698,45.394231929428486,29.47846971358444,1
104.67919289622282,96.99953686680242,45.611294014598656,28.26724567411685,1
143.73304309335842,118.82834925979526,41.65531280058886,24.96502603190133,0
162.95495292400807,92.42569824551693,42.37857425214045,23.7725480405371,1
102.75260661314836,108.9878015040762,40.45998515644496,29.63000261419549,0
131.45700956342932,103.04925306871922,40.62795565624376,20.041385171213637,0
129.4984012693821,100.87247386436279,41.20512708773887,26.27298414241597,0
122.52078562539687,102.97558555283277,49.76142275345847,21.063400227926888,1
121.50567804127017,117.41094378836485,41.71107988302198,22.70156201613515,0
176.95995650146335,108.83665738016019,42.108337460997014,23.770065662613028,1
141.31271803535705,111.70019936917498,40.49880839492017,25.345305808626627,0
175.7122290666715,94.93172799019464,43.635804207037026,28.05590629392292,1
163.57156313906816,115.04973240036183,48.23369991960307,27.355706662433747,0
137.95788868673094,100.18543979899674,47.01467250985467,24.57105000176722,1
185.5149442518316,104.07318270700293,46.40824027848585,29.698954395309386,1
179.13028637928073,106.47111049472328,48.430758702496185,28.14607059150527,1
144.47897401953213,106.68178240469928,43.690723351743465,23.702103596984866,1
133.80863696916182,94.562534813886,48.67887150918163,23.994572792186112,1
169.25995472915184,107.35062015159228,45.6751538753729,20.633885971550555,1
159.6330691105002,111.78866331437091,49.673452346011274,28.883174928295915,0
118.6650480785006,112.48325014039928,49.787142307293664,23.88605605173483,0
151.09829131303292,104.44699464195283,42.43460908704639,20.69786647209727,1
165.38794076439825,108.86189487521035,47.92833830337456,21.125197365438538,1
129.1260402823071,100.45349595914695,45.04402753875307,23.141892031681913,1
132.63455843637126,119.88928674158399,44.02570954126328,23.487564634807175,0
182.62957560031003,104.6707960241556,43.18495978023046,23.953920201773492,1
117.12681314992817,93.24428502769314,47.93656561067899,22.872334996540417,1
180.48643345900248,96.00940758939556,47.844767741402364,25.425577013625844,1
138.92023474292643,106.00573735062292,44.34683086996959,28.06130414569875,1
188.9341181007823,116.31958518316134,41.940039583711766,21.75102313081731,0
114.9186290824582,115.03492436087429,45.23962825531805,22.791361191511804,0
145.53111144572642,100.93483248050376,41.43450243370511,20.165076769834126,0
114.55519287459632,116.31145679761106,46.702585120116495,22.100102374956254,0
168.10623542561737,119.50180101597843,43.33032071286217,25.59271154261753,0
149.1274668965685,116.01285405115043,45.25961451677925,22.800071745120892,0
196.7062070752401,105.02443328838957,40.2919580434359,24.255701140008984,0
145.11409819513693,90.1942432798026,40.75090348518773,27.775277618685706,0
105.84814140934085,109.23148382887845,49.179227619498604,20.495443578010303,1
143.13387352058066,119.50252121900925,47.11274771583576,24.03863650872155,0
126.30633337858299,111.9355588150938,40.820594183656986,20.926291985298153,0
179.00215435044873,107.17986089178615,42.78739005866144,26.320321793588924,1
193.60097486726517,102.14542154903529,44.384163073314255,26.17465046677117,1
109.33125482402238,109.1307873812465,45.35546850228163,27.100026020203764,1
198.4172853635893,91.97545077572452,48.41710972976482,28.571805549278857,1
170.1037373709206,117.49793607005297,48.76054626340802,20.001122866578246,0
188.47836252257454,112.11349911913645,45.19939506849901,24.25478313914393,0
154.17297845600592,94.89119727307673,45.011408041836894,22.10335933687424,1
160.68287307353714,115.64393680815006,41.80063925319581,29.455876725353384,0
114.36808431329418,92.3021072376142,40.68415936817782,21.44389560637415,0
162.9372341485758,109.48472846108687,40.3256101128132,26.00992687746112,0
161.5485062213244,104.73027889286305,46.510884013490866,24.290217355624158,1
192.16481552817578,118.04242569261002,44.393024851953406,27.487995998137308,0
134.4318410385785,112.67915011835908,44.749710289794514,20.725751117463833,0
156.3787288678958,106.69379790977767,48.14710759413734,21.058009992087722,1
148.49368783500526,97.22957477158141,44.88136241399363,23.616819374431476,1
113.71680888308413,96.33739525889105,40.28508281630323,20.34816314419229,0
173.01602436445557,119.1987037658466,47.12482465068631,23.535431792596448,0
147.1289562270639,100.2737161191762,45.95012233631488,24.613294185985886,1
132.31951172294958,105.37823334617792,48.73241173916506,20.679371450793187,1
176.4868547874429,107.98728473364216,43.10315975651249,20.071427170403332,1
130.6514507506117,114.76110773473548,47.506694379859496,20.71215075964031,0
180.1436763078479,91.5629619578659,45.052959829794894,28.418930338696235,1
185.2002067074094,107.47870682401603,44.226279935368794,25.400749532938068,1
188.18621587928624,107.37899472012808,47.137723106856626,22.347886079758364,1
119.98594614836824,111.83458559296794,41.544772642465986,25.87923126965545,0
174.00855922194356,93.22742795357738,40.19147329450075,21.78784550828799,0
155.52064665999387,97.08427688616459,42.095460714270494,27.23117916695331,1
110.15290764593854,98.0664150308593,46.09326096061774,23.6993110015564,1
154.9417557821413,118.6959727669616,41.9393439373573,25.029310240797606,0
136.32922003533008,105.87940100439143,45.34760692893788,25.750414016380645,1
179.50826560748527,117.42156929689102,41.4946364058296,22.867179668123065,0
117.71842733512284,103.32531041223237,43.59764445271356,21.798856449049445,1
169.95712455738882,100.10691898890882,48.33202672357069,27.803045561256287,1
143.60734611092258,112.80989104821349,43.56844614170517,26.008856175680812,0
125.34171191748877,117.75515222496011,46.691804725338756,22.22074186885277,0
163.87104077969857,90.54579928070147,42.0313921333655,23.83245215756374,1
113.7965087132743,97.08230542716393,46.96511555287637,24.11384921475459,1
183.20596913240058,94.67139972586382,46.51427199855404,26.49738144636861,1
115.6385816467091,103.30796568270108,43.50095548195262,22.24157207472691,1
177.47942714827101,91.17530341214727,41.0741044979019,20.4486304097619,0
154.1462769470243,102.38092691064047,49.097999911775574,27.547821583434313,1
122.0944143116603,95.91406410234964,47.959144096998514,25.02077036134165,1
137.86530212139047,113.55959754533896,40.90931440785911,22.742949773833438,0
111.46051597312845,95.40042380407071,46.455392116597615,23.878335837984288,1
187.66422402797414,104.91459315180278,48.25097888947561,25.716816955197274,1
132.03164633183872,99.62718856455167,42.873788566336806,20.836458924626694,1
188.6350070747917,114.10396262156283,47.09755001130078,25.732861084909594,0
159.78595377581308,102.51821570006662,40.160720088217396,23.353308426262544,0
165.76068519486756,116.0852783519064,44.67956450072586,20.641223348472224,0
181.7682965204196,91.74318297404612,49.97552593401655,22.72990721042235,1
118.16786777260867,119.92197685580004,48.66075933725476,25.27834020187088,0
159.61756911971378,119.91082175800499,46.33594473887384,22.498654104092118,0
125.32282271894854,98.74075578504106,47.839576783868075,28.71828940430214,1
164.77340634741495,101.43488810458115,46.27878095326925,25.790091499313057,1
198.53966479894825,105.92356982350033,49.82343601703157,21.852089500448482,1
125.12810526829344,110.9321579385548,43.97225866811119,25.583923952027444,0
127.17869618413563,111.21829276644765,43.09433443868272,28.43336460233452,0
117.09307970235568,90.7826041161614,46.73552588805056,24.12855388298214,1
174.78195795371474,114.93278333833841,42.55426079867851,27.065304951190832,0
155.46217429863106,105.86142433461733,48.898522543696764,22.44157958009691,1
199.41239656743807,115.76116760265577,44.24865622594773,27.386994413486672,0
128.7845385739843,110.86151268491534,44.43542303950535,22.869294973618846,0
162.23845130452776,94.06070880860933,48.10141566779386,28.923316251881936,1
183.0338287888194,100.4586570615354,42.098117577384585,22.93598273116665,1
173.87410379258725,98.04383282397445,45.2132424946871,28.640781265824018,1
139.68749095053371,95.29075333212687,42.48530256383685,28.68701319405983,1
191.15171299154372,116.48055663563771,47.39546885830276,23.28954557330172,0
175.59119808970155,96.96719955837305,45.66227158416322,22.42721197522036,1
155.07463999907202,118.18044522592233,40.76231553309462,21.213461552255968,0
140.49584965916108,119.41083027847492,46.12403132724686,22.268026041819116,0
159.6933524642684,101.56119103664825,43.691100756025165,29.407067255772468,1
137.53844743992016,117.50324174739613,44.192847989869534,26.536243040446887,0
115.92476019389423,114.12083301197649,47.12087550910539,27.916306231594625,0
186.4552917107877,96.61395665602942,40.492012699814865,23.80355863570231,0
112.50835682882295,108.43750568331323,40.8310515422224,22.891551178936396,0
119.23416231564744,101.32857480271142,40.992479556366845,26.424871982239488,0
107.43714509198014,91.07863984865716,42.6115116449567,24.655228809432465,1
196.37858641320292,100.88438579101931,49.65566823110888,28.640931105419373,1
166.49201542039157,119.4402982288009,46.328668620946075,20.87803989750329,0
118.22703662418907,108.38411645878625,46.73910077919274,26.028998043848446,1
134.57999351740554,90.03231735529847,45.01790044458261,21.440225667523745,1
195.86837523343678,100.18892355601575,45.1580139558799,24.459528539149943,1
131.29881693038175,111.87510299615124,43.54068756679068,22.446830581597165,0
173.94386190459278,106.48530199532252,44.704666123666314,28.45145958397158,1
106.0446504932092,96.80543258390202,44.4663701590817,27.04434038076178,1
153.94818676661612,112.79402496541692,49.199573934935756,24.824011441513186,0
158.7059278482915,95.20527171018199,42.23073912063614,29.07383968054811,1
129.1194930947239,114.03877562901604,40.61741715882653,25.805482834082035,0
192.079657786002,109.50604454468827,49.20395950217686,28.614738924976955,1
190.45958943003683,119.28720065748197,45.12544185726972,28.181603160557433,0
134.2194087729759,119.52659191124022,46.07484563393874,28.77420470725928,0
136.28106487076883,99.65482326993325,44.839860752224816,29.2358236094672,1
137.967331599031,97.76989039796678,43.06328911497009,21.401768361829237,1
156.56650488181708,117.90623577448011,43.47438811086346,20.86278103397664,0
143.60720053505258,95.82495738864307,45.17000448036968,25.19208755488861,1
169.82236569988825,110.56306114237452,41.72547421053069,21.729352792658293,0
149.24656511946898,96.91507975527901,45.08920153357292,20.406230442161913,1
182.333077306049,90.80197462400177,46.48404229417548,28.021597271276462,1
123.16043221889413,99.56982872675488,43.812177825156354,26.471844951660444,1
100.07888922212854,100.57617205227267,44.710685011616945,23.033823660217337,1
182.879194033668,113.79948633784656,49.28039072672612,26.515349660810685,0
157.91678789094607,107.03238211784074,41.019416663682634,23.09485869425972,0
104.1246041700723,99.49778824581335,48.858475484512894,29.25247310057953,1
183.6397525505638,119.21382899105322,42.18325018657077,22.810142898668758,0
180.00765014896342,91.8177657382099,42.40539365686461,26.454867731179522,1
190.37288741401926,95.52637258022968,48.5205418307593,28.96012568514393,1
113.13778055806851,91.70546367605611,49.332866681881235,24.348303832679182,1
129.35363095740865,115.63104344000449,47.543300026322726,20.959595333871004,0
108.21333487317042,112.52007523805861,49.28341953262564,22.981240644159048,0
123.79781052465844,118.38112463709197,42.32724883518899,28.427754599629672,0
148.92085299596656,100.83115736644152,45.87617484981286,25.26927543607677,1
147.67159899424004,118.2639110031084,45.521157227509555,23.635962727007453,0
108.88845318601149,101.82646163203856,42.337863925348955,21.78620547247003,1
112.3118641795471,108.95253603904378,45.95408912285039,29.423727600278987,1
166.01538685205355,98.10586064123365,40.86099652931328,22.560919206150945,0
112.49333361250223,102.91504963120062,49.291830352724276,25.243635872544747,1
165.52206915952684,107.00691121808707,46.82542283528598,22.439901388729456,1
103.8199695027581,92.75168023440453,43.632403230160556,27.91678336920867,1
178.10401830005694,93.90789894756087,40.72583696564238,20.528434857439233,0
120.23134672577001,104.20374144481148,40.607466047827515,27.966153196077286,0
152.6289319844092,116.70099598018459,44.42615815553174,29.499330714759186,0
119.70773722244058,118.70511131013401,44.19900383207257,23.153306263670178,0
165.84234387068102,117.75511144664843,45.26062798957536,21.453073516864713,0
131.61109266795015,105.75540666177831,42.45751660904215,29.962056582117945,1
168.22160916229046,107.92528450730408,42.40929415632952,26.72801450300779,1
143.53353629067172,104.37318106706711,46.82233466697443,23.426541179926225,1
157.00879790252924,111.89942786549247,42.41920735187988,24.748902518397095,0
169.85526451053698,111.97104842223011,41.08002619914499,28.36517587606467,0
177.07412195470386,98.74361716971714,47.846324417156644,20.1223684124732,1
118.19601553901914,115.89104510205499,44.03458385413661,24.684017505397907,0
112.22327387653759,98.05271541644348,49.739185512628076,20.515797051004085,1
190.4326925595335,95.09665026023056,46.51293007396751,21.233204745066327,1
119.8846292316411,103.51587312408742,46.36173852154294,23.935732850325444,1
175.77014108430438,97.18261598922305,41.05570983814826,25.894311400682422,0
192.48115863809022,115.0259439225453,49.94524530203289,25.78677833613711,0
180.5267539849953,94.27198577483837,46.441510897650936,20.58377613028575,1
127.3498899948194,91.70950742674327,49.18644133991604,29.17575931453424,1
140.1260079245024,112.22100666881518,46.96257491027775,20.11986135375322,0
172.8510540600641,90.04963918008946,42.54890421600752,21.69524291796164,1
113.96029619981624,103.48417836090958,42.97877585311963,28.12845034187717,1
113.7857201063292,91.96030401211316,48.07573451193789,22.578920677678532,1
137.88163439184723,111.90084206515577,40.43426146934214,20.319253342492583,0
102.05714039663572,113.95536221698067,43.63687613481798,27.336646433653986,0
108.30827178961206,102.9610332008532,44.918656772460054,21.495808118855912,1
153.47141475537643,97.36772203805744,44.9232972606477,24.60427798251805,1
135.6394090635817,99.08362120837927,47.381656680625454,20.97971195310982,1
121.88955269164934,91.99991535297482,41.24681237972278,20.148401654714963,0
151.41624951402733,115.18309384375121,40.84308602336667,23.459520804593183,0
141.81444285574298,113.97601766868132,45.30288638892296,21.515815796700572,0
126.65899779348626,116.81984161001002,49.36005865284329,24.136053386700766,0
198.6986243350188,104.11914548240365,44.07440057207995,20.487235759656542,1
128.22347535238606,117.39736215296645,42.85234668389833,22.54414476104797,0
120.23507615114609,100.01519537950587,48.34397156466504,22.71133967822054,1
151.5738533318269,98.02002336554511,47.65573408466477,29.666024318043657,1
156.18684595884488,92.68691544283003,48.2406831366876,20.358350518968333,1
149.5157374238479,117.31014361686209,47.450909457846436,27.85689836377019,0
198.78430278948215,100.10919614411577,45.545522917288736,23.619246029449865,1
187.16941987050444,93.34453669021339,41.0740401725661,25.284884396259947,0
149.79259259903134,112.53528611790667,49.19618620735349,24.940526117697043,0
129.33373216403177,111.45052953904954,41.96901575186155,24.649101546621075,0
150.26489444724865,93.15188496986949,40.18043801644633,25.809060376872573,0
113.88941883550925,106.72814725906632,42.04206503206462,22.960816670908446,1
150.31444252995465,97.29628258208109,49.061876286156746,26.750922297683104,1
126.19878830640936,105.01729108775308,48.33258262633104,29.04034154915228,1
189.75681211281,94.69256610331969,47.78703027159132,28.24572592900413,1
100.66678161007603,109.36464794269072,44.95939355593719,23.97327377410964,1
116.96754292452161,100.79965142388355,40.14114829034089,20.644013533726586,0
182.49218791054187,111.44235690557173,44.199617848291666,20.31937016937592,0
116.78551521461026,95.34872331932198,45.1329425708344,26.953178082309442,1
193.82276837765733,95.31475816699441,49.20747669786286,23.233467153782225,1
184.84785229511303,108.42474338705667,40.94939881799459,28.482869489027784,0
171.50979734997105,98.03087485716439,46.55772428600961,23.178035230971965,1
121.36905523652467,111.2929486076814,48.904690852023656,22.560719621556846,0
128.8850021646894,116.84219715481882,45.26778680375811,24.496696175548372,0
134.20715179781246,92.03758581715576,48.64924012142342,22.06501203191241,1
133.29400574591529,119.25511215744464,41.27708261468835,29.907169124475693,0
159.76086500002918,93.68222587111642,44.092040129295356,25.91207320598157,1
146.9296006881349,112.82450820359028,42.274649691708866,25.324433747778077,0
123.30760575047319,91.56741498801948,45.89739592635544,22.46554910223417,1
101.67981035026285,103.31510197214335,41.57051283703546,29.60864263480079,0
199.5532748600495,117.93186036230634,47.81247657627978,24.71539575864765,0
106.85814673684975,107.32491938262817,48.048455629629665,28.514421732030712,1
167.75917754630774,106.28813339834512,44.18304201239582,23.245982248810364,1
110.26903452830206,96.88656876372819,42.97810216658506,25.553951523030737,1
190.56812411996978,100.43890429989193,42.893742851761864,28.136512636629877,1
181.85061323882616,94.98025395598181,46.079090164942805,27.449754879705615,1
117.8617807958522,104.16575865634354,47.37606961453936,26.960435996317532,1
136.02945875022328,117.4904628695925,46.88454500994984,28.459354445906882,0
188.29931443660297,95.69478983959807,47.036518799028535,22.189736443819786,1
191.3608252298079,90.74327518756897,48.31725441889415,26.507775488778464,1
154.7638959938703,98.06211617281063,43.778177180627075,20.492587583414696,1
151.90545594819994,91.07515926380565,44.772649127106426,22.909168810154764,1
123.72166582419985,106.35051483613398,43.231962182562846,23.441040634959233,1
120.64096398299358,101.75217470380856,41.48108464189935,24.585575928468124,0
149.09418176892999,95.4980757076359,48.513893280969796,28.729444525632182,1
122.88012944263689,98.16613045237102,47.363902565208214,27.581045974351717,1
153.75690996261335,92.15538758337655,43.38671686878073,28.048072780143297,1
199.45143926764183,98.7087698638474,43.53465990933206,23.85346019753077,1
112.96577618280598,108.11419290422752,46.386066047093486,29.35862911961354,1
124.94503263192416,112.6578507044933,47.47279581875692,28.14239378477121,0
129.12533400887781,110.76571520518098,48.75646772029903,22.960041200479747,0
196.34493393754684,96.99356795780284,40.38122743041055,28.052669431254646,0
175.8158981370923,92.10352543568025,48.080239689736864,20.385904155042127,1
114.07005934775427,95.53749177246824,47.55007795263246,25.378189270214193,1
148.90474982860226,112.24558274290487,45.60382731061508,26.36215302908972,0
147.2443176802048,103.76769443496505,40.451878261577065,22.372079247984693,0
111.46738876302594,95.7616025680373,41.28349341085507,26.51299343985217,0
125.19444620402058,116.46024968512047,49.003487005426436,26.035364225697275,0
145.013971598416,116.99665493389838,42.85946855974986,28.808215903891913,0
138.91709287783493,105.60316396113295,46.018302383409335,20.936532004626716,1
132.69767540558854,104.57085753437157,44.174403715090705,27.544779187450885,1
175.08607768809918,94.64764106615314,48.92439151535014,24.357010530701928,1
127.94044500522986,106.30167933906904,41.90764565700218,20.604194309676974,0
105.30055301894053,101.84610927746256,45.046046479368734,25.695424419524937,1
118.32471018487601,101.29939500659742,46.593184128069964,28.302236552795282,1
183.61121265974805,95.97750625471136,49.30671892789596,23.821005376293833,1
186.08387665661832,107.44318400381486,44.57859322555335,20.21052000113349,1
126.58085752735224,106.06430973502958,47.873501576256295,29.128838754656275,1
127.47145828836695,102.39139535948001,41.432407022014935,27.283984084343484,0
152.71797425659332,113.21020915429446,41.89127343725031,22.619535314060492,0
189.46052588055193,96.65334832532491,49.2359336628071,24.451192146008125,1
174.451973979046,102.91674418848501,43.36225332569628,22.878482408240117,1
126.97435462424855,119.20034875316682,41.30129976403886,22.24701039828703,0
183.0273606543874,92.80704782041188,45.57529649228844,28.975249858711226,1
130.56435926129,117.28181486660682,44.136717844216925,27.324787522159454,0
181.75655771391487,113.88693951904443,48.56634221421762,25.836345692557924,0
154.30000671270426,113.70035151460678,43.24959849476892,20.10673874053643,0
117.09165509870158,90.77653953973396,45.92852371424123,23.19386467593534,1
129.6758478506609,94.76158938541661,40.97203272895511,25.577140247605332,0
136.32129497486085,100.3292911003572,48.36731817074089,28.516271188515255,1
193.73511878345062,118.8069070763375,43.29944984348191,29.21666442514874,0
178.41977821679728,106.04415791593371,41.82579948541768,28.94807998463741,0
171.87089181418042,93.42969894204461,49.172120122534665,27.597127884615606,1
161.19541272179643,97.1448212635745,43.69345621891546,20.390019519649993,1
155.2953771637483,91.93144237637469,43.386968291082646,26.955167656573288,1
196.88432696254085,114.29887351997405,41.89542063816178,29.034205569266682,0
165.474837792093,93.21548636079027,42.33382414220719,29.815939780013064,1
107.24393921916572,94.86448070334961,45.7552521065691,28.359927883817775,1
143.63521262866144,90.09871274286068,47.34564824344584,23.944647822246836,1
107.73381567628378,108.28826282520711,47.940552145154136,25.402387877003104,1
129.81614867255846,105.21245073816696,45.758253655253974,23.392410805279923,1
188.63376048675315,100.0594450447945,40.27660304132634,24.435556752376776,0
180.81273332592923,93.504332440013,43.73124831553872,25.75304477794352,1
132.59914398944068,93.69997112905853,47.799417115337995,25.31748993765974,1
142.45111197207294,111.05371064177656,47.645306615305685,28.21211197433473,0
136.86422766552803,110.96776494146602,46.582933363315966,29.51106621873308,0
180.60362345439262,92.18481045338088,43.298149175610405,22.545413986059085,1
111.27576807573254,102.3133176263777,40.53447892571252,21.655906711676074,0
179.25109554065472,96.40911630693122,43.36729709605761,29.115528265091502,1
194.93546088408428,100.31206385208694,40.09894168598039,27.75977672603601,0
166.56151265450342,97.65375252381853,48.986096597561854,23.19402825115913,1
105.35889754758398,114.7104175431369,47.577715462449795,25.917069089293364,0
179.50226035932647,104.15306277379032,41.3599018929273,24.725909755948795,0
153.8010077517377,90.23624472998718,45.353320382299806,20.342599676397082,1
172.88326030603565,90.12528923879498,41.47842294820953,23.99835976192613,0
142.3182903297633,100.45243275253156,42.125403928059946,23.75684304833943,1
123.80230508001088,110.03407084507671,41.223825968817806,21.211666344937555,0
168.8870020369701,110.3895313062274,44.11757658908205,29.197780903789813,0
158.10180377448586,113.50510237680153,40.970542949340526,24.452098465716496,0
147.45982146644423,108.16906577631696,42.55652732407759,22.163827584164274,1
170.64369821600602,92.09192806532528,46.75742194650173,29.554022792351226,1
123.6356888425057,104.94131594239849,43.9953189651277,25.876618829883924,1
142.97649177816368,90.13012345601746,43.67793773446463,22.593054959290793,1
132.5887576607422,91.52544371148386,43.692107774837176,29.287706378852175,1
190.857977046364,119.18947962966445,40.02388475334076,23.06431499082835,0
109.18811660234235,92.35390870586632,47.02134614525491,25.697394068628583,1
120.87230422706882,104.53097343604726,48.217726056892594,23.19568299114222,1
117.8306786573388,108.54099736476532,44.94920801984664,21.77739856963758,1
135.61361895498703,110.10789985281576,42.44896457018019,22.35212751081985,0
143.50960385665724,95.36424443898841,41.02687233068036,26.994821683119042,0
158.6188089098514,99.81516582170154,47.29977052575329,20.300318486986612,1
116.42104675448635,98.53906585101512,40.79815995881241,20.66767701094697,0
180.35316082654663,112.37812680223956,45.500510958157825,23.292926619054594,0
157.1684139219157,105.90579720602659,45.432590017920376,24.434397538757544,1
169.2190559467,90.7458555773165,42.367540425339264,24.059455724183493,1
101.30539015238702,109.66508509745242,42.421074369453244,29.946347459692156,1
109.66808863075457,92.02978761041265,43.86524822617847,22.417685614152052,1
190.89824921525422,118.29500860887781,43.60911164232595,26.287542138530128,0
199.62654390711504,96.2398262182101,42.92207331737831,24.11530421368736,1
192.04325709066973,99.0472844834186,47.6370233648871,20.43133192400182,1
142.3043695195882,119.62531525875043,47.40459545147494,29.244361170491725,0
193.21272266877367,108.78463141670487,41.409618354585255,28.95582291330882,0
182.15948778679837,113.53982159511776,40.257108838046015,21.393727181414633,0
191.86503205538574,112.86517273521044,43.30399239570721,23.682091739357126,0
171.00739954479718,110.98061790293063,49.483998174343725,29.686746553013396,0
174.3686970895694,102.90002168881048,47.35177498041498,22.90884556336148,1
147.37957211129674,118.65472271688299,42.00127335776154,23.181485639423666,0
102.83622158285152,117.10576221318398,47.87520489001856,25.55009212770347,0
176.33672579447554,94.93668638637715,41.712812367423986,22.873279605738603,0
115.04123802025399,90.49220840733423,40.59144387894364,25.90043514030244,0
194.5444660175624,109.51357544203492,45.54449827434871,24.637800941586054,1
122.82727316098169,95.67252904850197,47.269034220267486,24.206491520332442,1
122.74827966877417,103.45482248342964,46.680532281394875,24.384957739252954,1
162.74380550156667,92.14685353114956,47.58581144906308,25.130766517763917,1
172.81632767994975,110.23641171145249,48.284664633913216,23.436129198873402,0
146.3097483174587,110.10194372134909,40.6584729999717,25.456154983385133,0
123.29324214556544,98.58757774309055,49.94302492481866,20.774743385965852,1
104.92116954761369,118.99322828879119,41.893435480766165,29.50325655412283,0
197.56896187067937,111.31320583735447,49.462264272567126,28.28590661229672,0
115.71338633486926,102.566710204341,47.65125777550885,27.281919658901323,1
101.69334004515173,116.24176156027117,40.26407936094011,29.24909050208923,0
195.72502146369027,91.25801099445022,46.18675598139047,23.90395596550301,1
102.69862286908679,114.1462000604597,48.95958771990163,22.589383026429314,0
183.41551333181746,111.2433161474459,41.62459056603392,26.837868318194417,0
157.88561241307465,115.21902398641116,44.54630363831415,23.05664190609303,0
171.9539099220798,111.12594891706102,40.697126494029185,27.758555894370335,0
142.52317332415686,102.04895534847631,47.34859068995058,20.611230122176043,1
142.94427204218337,102.79757923391033,45.73288609922204,22.93034458148544,1
186.58107347809542,97.86490332170246,42.09421362784193,22.132827583717226,1
129.70095315732792,106.81986559263763,40.439526484803494,24.444015219024664,0
128.84236300188505,95.73805543441546,47.07380615714972,21.870842337780118,1
126.71675885114709,115.92239868006752,42.702755436237624,28.642931539197242,0
107.19992477182524,98.29172155576484,42.396775729477156,23.166733226360794,1
145.0205999547451,95.69997242277148,48.46354708195325,23.12708420897276,1
174.65151013933865,96.0673049266054,41.97730369967525,23.187621898919865,0
135.4088549042258,103.32276515331885,45.58401543849254,23.74404330378674,1
116.47347149338695,101.02273882777348,42.10583099909385,20.492289469225618,1
125.4732703782134,101.03049101945071,46.57790734738495,25.33703042338737,1
148.93943675679702,95.82355666285994,47.34733324166087,29.559861114737824,1
121.5785687645421,98.91092037659712,44.79589944634525,25.253866348791206,1
132.6880005100098,95.10491171807901,42.17247418005885,27.691702499927622,1
180.13932197395695,95.12385987999598,42.27650665890203,25.12188180695452,1
164.3398469176458,103.0412196665665,48.551334194565044,29.93605366451796,1
193.4196447349969,101.56090912447644,44.26105072652934,21.466465779187963,1
198.78297777712473,96.53373286978143,45.951681187418856,21.22819312270802,1
137.73963566180703,94.7315774838646,44.57181751006446,29.811270522352157,1
121.27853237668546,95.29038406465229,47.09819959287355,23.75578546306982,1
149.5924716161624,105.52035180296177,44.660874656486456,26.476789577019854,1
150.2265531294575,118.29734805841778,46.98073024265211,28.1837284437638,0
131.86655372746822,116.6937173456498,46.59234084458215,21.242509993122265,0
126.36545530672348,109.61650157056255,44.04652630579427,23.254429489756568,1
182.91861611740757,115.20667930096184,49.282808458606226,21.462777742158806,0
163.82657547812076,103.28590362824875,40.18322120361113,28.010422261082688,0
137.72555356106375,99.53911491966886,40.794727596166815,28.812891898751012,0
178.3767469833594,103.4028166752315,40.11962424203436,22.409023340097466,0
133.89480478407788,101.9750723956201,44.40740494548938,20.644652531749344,1
174.47454085727512,96.46176005059712,43.99447220991674,20.53339882573847,1
116.60494697017886,106.31094557287095,49.60339494885754,27.132161160356027,1
125.20662501749035,108.29247311435255,48.61127135153306,27.31178088269803,1
134.8694551571713,109.4823532010181,47.653432139122096,28.843271854542515,1
171.46597991468727,104.85628281736737,49.41304894160837,24.999121055832532,1
144.85785264233138,91.50469236648533,43.09501986223262,29.943879634739112,1
123.49496686301798,98.43636308416713,40.30251094715366,22.580830288739946,0
195.45831954913785,99.1646345310738,44.58476160269632,20.42507515872657,1
119.71867282139537,116.99009882518645,45.42040383956397,22.026271866649275,0
195.6876422915824,102.41625563097747,40.87106240451206,20.99941010878239,0
153.37256768888415,101.73437592190524,43.57329449049112,29.17897062174712,1
102.75783395261404,103.50292457987008,47.76168983368381,22.587411509066236,1
177.36310731188996,92.78962868649182,48.51742640232793,27.00567975990522,1
120.12799450348034,91.62149869329636,45.87206545200853,21.979737495647985,1
160.25218615562898,102.25079372457088,40.21344458286408,24.6445750469944,0
116.11659309273685,116.35307562492804,47.28114477606192,23.18523900783626,0
137.52532678185258,98.68813207419728,47.85203758464296,27.200780356849798,1
177.80998705062746,117.57302154949039,41.52931869450908,27.78129632911031,0
136.50871279590206,109.16236512916596,49.25520173197775,28.52027140574581,1
117.94315717237646,118.1277915134323,40.243165129523994,21.97491777128178,0
198.58598717603422,110.62237771393966,48.87137349627491,22.648627240878888,0
144.05952495291947,102.29882812567577,44.859021992288085,23.21816180033551,1
134.45882843343165,118.9679640109448,48.5156711077487,27.89235982686528,0
176.04231221867497,118.23672718717027,48.68135215929611,26.448615668285733,0
132.80575007792646,101.66091483117219,40.54508541734853,29.941784128177805,0
155.1200467199058,103.20185574165616,43.7709705996334,21.591492387255556,1
137.01396957015885,93.71568275297358,48.22441314775985,22.33207045157009,1
175.83649708387054,98.1098946382364,41.15842511693612,22.918390947384538,0
149.57339594937923,110.31565755106625,46.61376994644621,28.528476498069335,0
175.57784550624845,98.73504734211437,45.95832041487443,28.116241154729586,1
174.6080670454826,98.56680117621002,48.35478624031122,28.34157794631919,1
106.08689037039181,102.06271617257788,44.58069663940785,28.141270224565137,1
159.84289311455873,90.43117058795534,45.217507315262125,20.729632579544123,1
191.21504173596216,115.3657610518822,40.57619755372724,20.145059724905263,0
195.20930535938578,90.61654459366427,47.84084046587941,29.154969171853555,1
132.9989771061365,100.83794700066628,42.3621713996926,23.532161997142317,1
101.01666376670374,110.98522263784977,48.1704954171733,21.6260706383472,0
133.28980698427858,96.82371546334589,44.062596801622576,25.4320050604572,1
101.67502557061557,93.81088491006493,47.92736113022447,20.18847976556154,1
163.16936037576048,109.79269418830776,42.49164127363424,25.753317945847396,1
189.06370617171638,116.3888951493696,48.32654968919424,27.620912961141414,0
186.59696452177621,92.89016230890877,45.06894804247966,22.43294568945636,1
147.42463486545697,92.34470396578918,47.497751644979815,28.667179437181826,1
174.80981461321346,101.51043164331023,46.16790619884241,27.30161537356051,1
142.19245241934084,104.09348043233702,40.25685284502989,24.442044838623076,0
130.50544594667994,101.24969605355597,45.91922443914958,22.339030514228785,1
189.82410784782354,90.91448449574763,44.29347594460719,28.32614072923336,1
147.80596423081352,118.1915201918516,49.201894408116175,21.876698661030836,0
166.0531049201633,109.76549733700628,40.64071172676964,25.346773390138488,0
167.29463912616254,100.85621999693129,46.89474840076633,22.21657453597781,1
185.66469473263564,104.60483343140919,49.99005036153002,29.452351523712885,1
172.34052470735043,94.05828970510318,44.49461119630455,23.013210679618734,1
148.20286525590174,115.79229151257559,46.28275674849117,21.726312735345925,0
146.44917726211696,118.65175454561061,41.81979096695115,25.794550883607833,0
103.50957695324622,100.82640927818463,49.154384317062934,21.465645116229073,1
131.66711145714586,117.59798025942892,48.46654188233785,20.514749039482233,0
165.6003450597841,98.19017619945448,44.82096888794468,21.991310459582014,1
129.3964415027641,108.33526122574048,40.382236306943724,25.38358937238067,0
187.72833880163844,105.2560118348394,40.25074063550253,24.85259791698288,0
194.92433022335905,111.48927625796927,46.892801253427066,24.0771921574404,0
182.45662168322593,110.83630470606816,49.11111980845018,26.699162829173098,0
104.15582778524116,92.81093626059707,41.616219143328806,29.263874566523892,0
120.47310700381679,114.75880444927311,44.211475282572536,27.630120688618565,0
197.38398355229657,117.86367755186038,44.46155946004751,29.62493734740582,0
104.25426324117765,104.29823166154833,40.957405604736714,21.37456476642065,0
191.43738553302535,117.55156285749476,45.49139837909115,24.379795043594687,0
144.99436577783572,111.27252319107757,44.048440531784046,22.141755222386635,0
182.25280991321472,97.27390369982163,41.3272807363747,24.994582677755606,0
198.96897154554182,115.22046974084493,43.355479463875184,20.87721611804248,0
114.37012667922932,114.59225184057998,42.72743961479425,28.753242903696325,0
117.52257575521753,107.59857686667866,48.96187695742108,23.868161231172913,1
131.97516617902318,111.63595058773224,46.60946733534012,25.657688009242705,0
192.94363890044497,102.3871010315171,45.381522143325824,21.26233676290503,1
139.58069244988866,115.00380903953962,49.440768050177766,25.143432232732163,0
168.31821145865177,98.69154790001934,45.40983747991777,26.22078763304117,1
121.99908918269008,106.9922538588283,49.997072690704115,21.825545963123492,1
165.8218606585427,112.83184589961948,40.66519932867534,24.788904217519992,0
150.4283220779648,107.47674669308239,49.63181907842926,26.973001972330707,1
151.9168257829183,109.05685601191163,45.31825221650116,27.502785030921565,1
171.22740320559564,91.7007880057634,47.20000797479577,24.873949639406995,1
119.90182071968619,91.0705707562608,42.49497978842006,22.28865085805528,1
108.04070114280061,104.64039933699983,44.11724816286075,21.098721026812548,1
121.84853292092404,119.26515876319894,49.095231431315675,23.062695938543985,0
105.49483358133416,96.30528090272573,44.931734589718324,25.842825679143935,1
177.35055667448012,90.34904257001067,48.91796451711748,28.89105632454416,1
131.60823442105405,90.51186867535274,45.646285977540614,22.607561775914323,1
178.85427498304472,113.57646319177374,42.23257282995162,29.332774270576394,0
152.05925139663702,103.0970816474415,42.62069108050645,29.739731499303563,1
114.82874837104399,99.70489025520936,44.25970811793336,24.613687078297335,1
130.23327504797936,96.123039103161,46.06969330698011,23.236096443095654,1
185.92134481932277,118.67312027805264,47.29169382750294,29.843215044873496,0
110.58181472556997,112.98424153431057,46.39685660169,23.107283815666847,0
114.93631349926561,92.50978014205175,41.488624581041115,25.552177826572205,0
112.12301628063372,93.22152384397816,46.97275320633837,28.237747728266715,1
101.72000300640039,103.86052998636065,40.031549919976726,20.34558307496361,0
188.03463290314937,95.36477463023537,45.660036471640936,28.537133006891974,1
187.84143588804483,110.62937237131406,49.41827037786794,23.09748019718042,0
193.11560261263932,98.33722444038114,42.575470411061644,23.53741240963098,1
185.92917579651737,101.05678915143177,44.697010919305995,21.41233796778842,1
106.89330038358814,94.84325758807947,45.80037063932469,28.664802136870883,1
187.7964087168188,108.91229055219638,41.85501866689549,20.605218770163223,0
174.01526462673462,111.34777224605408,46.34997236863412,29.213330831524395,0
113.6901666399896,111.57364308188957,48.710604819776904,20.39373680133115,0
173.9165146939772,103.17829516516844,49.29977717729745,25.522330430634682,1
165.1377921279257,110.52647032259381,41.57942166406611,26.312718055657392,0
170.1290977331207,105.21956466083299,46.73504520564642,28.814371938245905,1
135.44814381590797,113.15278442476178,45.866426979516476,24.151604193440292,0
111.01411979794406,116.92402944882807,47.20270657414648,24.048978382537403,0
132.88750796449455,99.99017769061601,44.990752099233625,29.67777411730824,1
151.1274114526518,105.62710229014452,46.315025101287,25.140870734130758,1
179.47715026299767,110.04849882178084,40.787401469927154,29.243273643893367,0
166.10750231390176,95.36810209676214,43.31508545922827,29.448507976421382,1
170.80286009201689,93.80748961641433,48.456542861186925,23.188372830120564,1
154.32764367245267,112.93386696568794,43.453972770307644,26.122684415988886,0
157.89892986314004,90.8629027361892,43.756112132976504,20.91017739403174,1
169.77120388220564,109.65049491615073,46.9701402105084,22.59050831838011,1
197.92745559175563,98.6815973331317,41.52142817178235,24.717360850114567,0
141.22439953916384,98.28593177520806,49.36094206611287,29.237951030757397,1
150.78499427240814,108.73503645997083,48.69712950036691,22.72894356298279,1
148.14683331611556,98.53799126919957,42.273227352254146,20.953571080241442,1
192.19813481034674,97.43037645762033,46.37144016184884,26.479714186401818,1
121.07082123484223,94.27384750933507,49.08051666851084,29.87701993177364,1
176.0277684569873,97.16410469290797,49.62347836843226,24.396451169763452,1
150.32292521792414,111.75698909759757,47.45021538666272,29.490330047039727,0
172.9420010831691,94.79798431291192,43.893038634506674,24.636896695877695,1
106.23363725802454,100.77887391593097,47.55337896322764,22.877689364283743,1
120.86510132391746,112.90197229573921,47.37437329350524,20.194038448445145,0
110.50245894585493,94.19562068171153,44.887647634902706,29.563331088949383,1
104.51177539951522,108.03595848508314,48.146710443816346,23.293815518396137,1
126.8768166652558,111.8888276170605,42.30268388522075,28.10072997669994,0
197.29732055604714,107.470153450533,45.65686315573641,27.378781700004723,1
168.67615248121808,102.2421565524515,43.89457482192244,26.204765350889065,1
123.81883058547884,116.06699983639606,46.215016732639995,23.356831171917996,0
128.41440172419456,98.11572672343243,45.86053658211287,28.33123672860077,1
173.10297256047485,102.57910549583333,49.150292827966894,26.431130142633798,1
155.4521153231002,105.80563456302869,47.51243346699605,28.017127079567118,1
129.07574357238755,96.51374212765131,40.425325231790964,20.26215885325679,0
187.63217870009572,104.65205311732191,45.903851602681286,26.771439277240418,1
114.2663480954287,94.8476228201851,42.26058554156196,27.732570338479704,1
165.19799930542848,101.63905394372607,42.64553479842272,24.890182429798173,1
169.07961153255036,101.32632297857195,42.595665316721615,26.901088181329772,1
116.18985765263949,118.16487492567114,49.831279933586046,28.939875362210685,0
121.19998653898847,118.89241682878664,47.256805914315485,27.818940401170412,0
185.2887257594536,100.79174279180394,41.11797572399415,25.46062576337694,0
165.586439052895,104.8392499885536,47.11930218282816,29.557387953595068,1
146.15767367742666,90.30912543810678,49.838814823738176,25.138412289245778,1
112.04062492501868,106.634979397407,47.33875865908617,22.84236741345865,1
148.92226569960403,93.94047303156974,45.30761442809105,25.98427465706245,1
184.82805131223802,101.52633028316073,42.78080614309179,29.292107054456743,1
168.27627269334926,99.71369979083575,48.928854210126,22.000673857689893,1
174.77153939086264,114.01504805567015,44.23786371205776,22.01203328020499,0
161.904711770304,107.36951972327681,48.87187291684578,26.988592574417954,1
184.40125966388993,116.5055216898422,47.48281913051514,26.499310540019447,0
163.1091498339636,115.09177165553457,41.81468394782289,22.75190946256973,0
115.64873621525732,109.04722446221759,48.56305029875167,29.691277491885913,1
171.8748864102273,105.52252035387451,45.6182780638247,25.40573818258631,1
171.62939280966407,115.99688549139677,41.137113865142986,27.931179233325363,0
177.5041959753608,93.35821945060218,41.31600530910478,29.768179163670716,0
183.9553936368784,116.58868646963757,44.79589207874761,26.038911008954706,0
172.6127598599545,113.75277714739883,43.43261182530667,21.247282562815297,0
108.7950846422592,99.20137947449726,40.15935376040589,23.758125335848984,0
129.11029764930845,106.0554474931662,44.06527429502092,21.733857014648635,1
175.96140441722238,112.87807689800886,44.028709489986134,20.9267663748362,0
148.7410591347284,94.50469155085496,46.86668102164549,26.371491984488486,1
106.53113299743768,90.77287052652117,41.1188725474465,24.221311517870472,0
192.12714603010915,108.04773956428808,40.399333035906366,21.40216631219076,0
112.64769225946112,117.62653853890319,46.42714466919901,20.821467847688506,0
100.47047187978467,108.45036938221382,42.392730186378465,27.991343384593605,1
159.83066813472794,113.08018883029176,48.82154784746766,21.66228465365394,0
131.28474765343415,116.8681330959003,46.452363631543776,27.60877483722667,0
119.69556062685545,119.81424025052523,47.1379418828048,20.44808443737351,0
135.98222445691601,97.24293759062503,48.60281227444701,26.770780679948018,1
141.4824018107436,115.00857876166522,43.05159848275175,27.580382760155416,0
187.67750222950423,103.36016629594117,49.53906224188383,27.23876366937574,1
157.43134410193622,106.1985348311328,40.02565761236761,26.187692309247556,0
192.77701120789783,116.13484473293477,48.80067875088706,29.74531330361148,0
123.78732740661393,113.0693301897709,44.25873970933219,29.794159176434327,0
156.5537531167671,116.92673190999002,49.0160489979087,25.647498460938785,0
101.91351741420547,98.26613850049746,49.179090287664195,28.616378591689692,1
112.1528306842087,115.55143601780534,46.535889542714585,24.607988683327985,0
129.7303469773165,110.44450539324677,46.1212560359706,26.0347374491216,0
140.03698543743008,105.31736753174083,40.224921718952025,29.989541795315134,0
140.80284633131524,90.69926255303523,44.31962992271278,27.555557527922744,1
173.47912877972507,108.50216783659029,44.97254825301131,22.76599482320548,1
123.55565803170371,95.69603012283481,48.04721819663452,28.792274774355615,1
163.2654251358925,92.44925083845206,41.38453436791921,20.00354151378751,0
128.95795261998504,112.21665181952643,44.210868144540825,24.90665032118601,0
193.40777243348276,103.47940930831594,41.50781349649748,29.533750593581626,0
185.5425173282609,109.70421399473662,44.521920483458885,25.803864165013167,1
110.52709121938219,95.31281876910313,49.71630233780931,29.844785000859467,1
137.39885018321942,92.1406287803132,45.55755693910455,29.239162561166754,1
136.11232727208477,117.19195128538763,41.59595474629748,29.323856340591583,0
186.81199629741946,98.32891570040775,42.48543932662357,29.533738622450667,1
111.1691130925533,108.87358063276311,44.26327715088546,24.79077820069847,1
130.90690689529993,99.34085377502953,40.40469390892003,24.1703339009241,0
113.71183414714392,114.04272012968123,48.37219931077982,29.990579876094742,0
188.74022770362956,107.20906694453308,48.995117020527346,25.130351719196753,1
125.39833522445059,113.98504640119972,41.11898677136082,24.4270944338042,0
144.18907098156535,99.26956287340678,47.71270963888362,22.95425914865249,1
165.97266652073847,117.31098519471274,48.518264457186135,23.66240980332163,0
161.1068402319123,114.3568655139955,44.48897341654299,26.354125093544916,0
168.31460431538562,113.61287290540749,43.20311854477717,24.648044368445,0
186.80349495245795,110.20113537035229,45.24433205631209,20.263043652843063,0
133.43893583158297,116.05128694278224,46.373864547106905,21.259466328540555,0
141.77185633125504,94.66860009368581,43.834205750046316,21.54843052645272,1
125.23804409208742,94.3970751661101,46.590754535278066,28.048760995476215,1
168.79642353439948,96.11465093339262,43.554114058854985,25.778290913960863,1
138.5899977143302,111.54103604443745,41.49437148366622,25.721359456249044,0
163.8565144235399,111.07948171297772,42.44807681880909,22.199202991191548,0
168.47548380635578,107.78498949726108,45.53198445638623,27.972476938504567,1
175.72058804959352,109.80553957416774,41.91413050540226,27.232812938037455,0
175.4378490502346,93.59927654220456,43.002395462643264,27.01214355000182,1
185.31384102144415,119.0792204459711,49.04816406107359,28.740431640526758,0
135.87270126817012,100.90871773215198,45.24778742289853,21.67190004539204,1
154.31184092742475,117.09612803830343,45.136415007366544,23.13923142798822,0
189.4513712856911,118.201718804181,46.33744530409934,23.202432008690877,0
129.65042698302986,114.83604297383174,40.1137634904646,27.204764269200815,0
178.82827155277715,119.8378098006641,48.91332097256427,20.63128196167174,0
140.7361823122488,118.34065008557792,41.86689780734449,24.60198170518126,0
178.84629425494467,109.52555979864528,48.82471367987763,29.05739365961734,1
159.29489052419538,116.7185797035889,49.47883269044568,28.843131083456857,0
174.3021949037144,101.93122623889694,44.77711306530096,26.735541411078284,1
158.65828682563046,110.74104624932883,47.46689051781858,25.334618722160112,0
109.63739770153906,114.9985805897114,49.01346372101308,23.814207664207455,0
195.72114580366758,104.47786808099133,41.68308917878942,23.63539580108286,0
163.16917397134011,106.76266664387971,41.3837777739919,27.3230837648186,0
182.87031451324108,112.05129086597744,46.867524426414434,29.570702458919477,0
167.32703248483347,114.55581999383793,48.59332489919042,23.163441486092538,0
101.12484319638153,115.70715768648625,46.33275063711937,23.901065729665156,0
120.27981970086651,98.43275452512411,48.80499100933002,21.621055301253474,1
199.25413063420274,103.34002493481131,49.74178446293749,27.28174921709175,1
152.05521900530596,94.03854699282823,41.76264938171742,27.051317766399492,0
169.030809234878,98.87185200196573,48.39706741538901,22.26096230587095,1
154.10779951042704,98.47417243464191,42.931892972322075,26.362585804090816,1
167.68012004891295,105.89950235531997,45.54689917738458,28.716551834287166,1
145.85328828968875,103.50019294788574,47.9903760754176,23.914954264451943,1
160.84955698172482,93.18771494165865,46.09686402327048,20.29409727947309,1
193.56224055127697,116.42429168903989,42.69558566511292,21.55370323977742,0
190.810732802588,111.22459689279648,43.88895590159489,27.90992053311485,0
108.89360818435262,113.99994007698348,46.407735911276454,22.168378567584288,0
197.52016171547064,102.4162167025016,44.31731423432174,29.855830589980464,1
180.380713103606,93.45832465131885,42.649549778295864,29.026954512839616,1
118.33781052638852,117.64918896611636,49.08674228380716,24.49604454622667,0
169.22316025898954,116.03108005547028,46.907852512087196,22.65062018502395,0
149.9288186009136,92.65725524580732,40.38517374721582,21.38700573535008,0
125.15189139534414,102.27333447411974,43.94875020846992,28.82921290346298,1
187.9863318385838,108.63962933208609,49.405748058338744,26.047629967243704,1
107.08120988550371,98.63602812864066,44.117903682504355,26.168727286753423,1
196.3209005347111,105.98508900104932,42.84143010523747,25.109196072742193,1
151.90289026379662,99.7711701813507,47.053897341754514,24.076248611324317,1
186.63677195126405,105.92083264978713,40.74038473026178,20.81008715363104,0
192.7282374453036,99.06315505826142,44.423679856263554,22.337801690719665,1
114.81254614702031,94.42502907106734,49.692411401554835,26.657035995666085,1
121.37382082593535,116.21946213860292,41.583954631097136,24.985118605195467,0
133.4386972553378,98.61082182789848,44.9537394312287,29.25350145756873,1
115.78859116514867,92.48491744370823,41.09088588173729,23.620679102803834,0
166.40011741499302,95.55228738568475,41.419892572837966,29.423982568360962,0
190.74181476650034,93.72114421398945,44.436659077582895,21.79071555366249,1
172.52426882048493,117.39336555159773,49.13141052741315,25.28590143212981,0
116.24831228314028,95.29046237614148,45.81787623807879,23.418347222017665,1
172.00221212037133,107.60626879208118,40.624706222167745,25.67913689146421,0
102.9709967085909,103.96873246855705,43.75853802385517,20.858116171808557,1
143.5040191297905,97.35070718942735,46.30060591761889,23.405884120168498,1
134.0163210822821,99.73539127170213,42.58707536038803,21.01960258021044,1
187.76920520442607,91.20373249296297,49.90574474619359,23.6006254410795,1
182.38822413385034,112.88705453000554,46.4441707560032,25.824976076081036,0
180.33033059595377,105.92303808621821,45.17014648142805,26.639210230785924,1
139.80303308555403,119.46563293890611,44.55615975035326,26.367893407498713,0
149.76775730835595,110.23893517976632,42.97640150746011,20.90304183395868,0
185.21485578640278,108.62647030835875,40.720872532219104,23.18438622408742,0
106.93771074255267,108.94633170615961,49.1769746905374,23.825292060129954,1
134.0913049271776,118.53731251929932,42.50432548299579,26.49481086382753,0
163.53198513801095,103.71783028004874,49.02464577914677,27.199932314439014,1
131.04995352732914,117.31089015554818,46.64200657426966,21.24196090573978,0
151.32129250576617,91.69400109332476,45.74258214208654,23.85759427538742,1
150.47107703068278,109.90367349023103,45.87537931667756,25.91622437704877,1
194.11478611064766,101.2100280078329,49.00474918876663,21.83729311896114,1
163.7373630969908,106.36604549552193,48.073389706827214,28.135198985026477,1
176.52372458351937,95.96683562757917,42.5071443277574,26.199325114204168,1
149.64988934342335,90.50446414754938,43.10591094065198,26.004309345392784,1
133.11932898392402,106.14162554343037,48.07322115034273,27.20665708462637,1
114.15756085239434,102.4758557701811,47.652665548535865,28.71083132500724,1
133.13927689959365,97.99592678783725,43.78125297973577,20.31711177961869,1
195.41554952128078,114.6095887055707,40.46878651631713,27.264456468289954,0
137.2901610911729,93.05996886142569,47.07818103557529,23.036395175303234,1
158.9338168701688,107.4653576585563,47.030189081091535,22.776484430511516,1
105.09936434411833,111.3583677576044,49.308773230963176,22.70445600928305,0
114.47167587526187,119.91067113182135,44.71309548993946,26.37155022246381,0
191.50756243720463,90.39702550744391,47.15507623835694,25.109892947926333,1
196.75054156506735,117.24811445379456,49.0310101936557,25.220326036331766,0
171.62235286801217,119.17559458581309,48.36339548390907,24.53868322701324,0
